date,pos_mean,pos_sd,neu_mean,neu_sd,neg_mean,neg_sd
2014-01-01,0.32389767025000005,0.29666195115828126,0.5616995035,0.32102309522932787,0.11440287962500001,0.28651240850406046
2014-01-02,0.24399122909090903,0.18023307771690317,0.6711394027272728,0.1596801333973927,0.0848694059909091,0.12902245877017526
2014-01-03,0.25416404578571433,0.28695784098634325,0.5161314637619047,0.2627606324222434,0.2297045086952381,0.29029972914985264
2014-01-04,0.1775049786,0.07803173764933376,0.81568439,0.07640466854308316,0.006810611359999999,0.002111729848482229
2014-01-05,0.519117495,0.18430546118361626,0.47105721250000004,0.17999134567058933,0.0098252584,0.006883157887243601
2014-01-06,0.27307130586956524,0.2897895347719772,0.578190077173913,0.25449187648514987,0.14873856953043474,0.21617861269055788
2014-01-07,0.5003056951333332,0.344084802549048,0.4008213397,0.2817037411217386,0.09887298087333336,0.21190491397702255
2014-01-08,0.5336665768181817,0.3069079613091397,0.45836441527272725,0.306520213329433,0.007969013263636363,0.005117285471998029
2014-01-09,0.31005226722222223,0.28448921808994243,0.5819458686666668,0.2436501094065385,0.10800185405555555,0.11132585612969904
2014-01-10,0.3312851425800001,0.25862378890097454,0.5211046776,0.2647227624057383,0.14761017594400003,0.29732701466012157
2014-01-11,0.49681192571428573,0.3024176496528543,0.48818084428571423,0.3015098646315855,0.0150071965,0.015530021062905892
2014-01-12,0.29148632750000003,0.19156688891134843,0.7000216925,0.19115484208464265,0.00849195175,0.002139964868020311
2014-01-13,0.31717560421428576,0.30983372112775487,0.5782596,0.2840566475365394,0.10456480632857144,0.17905908598199155
2014-01-14,0.37580903966666673,0.2995971282336595,0.5257054116666667,0.28068581176717267,0.09848556320833335,0.2252397393258262
2014-01-15,0.3835715413421053,0.3085305426732249,0.5289483986842106,0.28955283134170084,0.08748005855789472,0.19322062831301887
2014-01-16,0.3222817297199999,0.2565373485100661,0.5907519147999999,0.24345997711849088,0.086966313064,0.200371109507791
2014-01-19,0.5952044,0.3418051514523467,0.39707748000000004,0.3350287680349701,0.007718088866666667,0.006911660242917745
2014-01-20,0.447356808,0.31073199374241256,0.5327621694,0.29643548180233226,0.019881024539999997,0.020434192001246482
2014-01-21,0.25678528746153845,0.19687779925151017,0.6629098053846155,0.22009935478597317,0.08030487534615385,0.20207023546925282
2014-01-22,0.3102897521714285,0.2672912284673164,0.5616524997142858,0.2448688596250639,0.12805773045142857,0.2208751332588715
2014-01-23,0.38116951303571434,0.3276638183758085,0.4917842956428572,0.3134155019071056,0.12704622108571426,0.26911889886272605
2014-01-24,0.4005198201219512,0.29441425397368526,0.5051975930487804,0.25029720828128627,0.09428257059999996,0.1906795282975959
2014-01-25,0.4619233535,0.3505461834191692,0.41592560175000004,0.2922333244094853,0.12215104331250001,0.25238453428271307
2014-01-26,0.4099845194374999,0.33045144293411965,0.48049212656249995,0.3176003168486397,0.109523339125,0.27300184544593115
2014-01-27,0.2749276710106385,0.2784157687453522,0.595637120904255,0.28104126590809214,0.12943520569042558,0.22976903517804603
2014-01-28,0.3419735265078123,0.29229414778867374,0.4904449448593751,0.24776461751571485,0.16758153880468737,0.2591758612023521
2014-01-29,0.2522236487690476,0.23157991879568046,0.6017621973809524,0.24175621652382837,0.1460141567642857,0.23532114492043987
2014-01-30,0.3127576951190476,0.3116090178033996,0.48845515790476185,0.255809372039426,0.19878715239523811,0.25773183669714655
2014-01-31,0.3162415095555556,0.2635194763296412,0.6091324809444445,0.2624581819454124,0.0746259830222222,0.19202444125747817
2014-02-01,0.20737380775000003,0.21457210812800276,0.6725277849999999,0.2654508943700279,0.12009839144166666,0.2608845538029683
2014-02-02,0.4499048840666667,0.39588839315056623,0.4505773014,0.32144184618022287,0.09951780341333333,0.14751008879448277
2014-02-03,0.4393534136842106,0.2611263604160388,0.5531839178947369,0.25855737315470795,0.0074626636789473675,0.004711356184658256
2014-02-04,0.3332798443619048,0.29432399745589466,0.5194042658571428,0.29066972316801076,0.14731587827142859,0.28120637929002584
2014-02-05,0.3614579258888889,0.3298645262485671,0.5495482234444444,0.3009740199684348,0.08899382864444444,0.17778979664253933
2014-02-06,0.41730602299999997,0.3205189358401564,0.5111482660714285,0.2803850990418077,0.07154571482142856,0.15853254663289784
2014-02-07,0.384125124709091,0.2974143003343142,0.47481705292727283,0.2444410046452417,0.14105782786545457,0.2321843985768334
2014-02-08,0.446260222882353,0.32117831781617556,0.4104277849411764,0.24902479910440334,0.14331203094117648,0.2609088960008354
2014-02-09,0.5283731143,0.26110606263023056,0.441213986,0.2207775033145584,0.030412903409999997,0.07751352972193991
2014-02-10,0.40442639475862063,0.31982141009904796,0.5177958442413791,0.2763483628566209,0.07777776648965516,0.1287921145680084
2014-02-11,0.47604455933333323,0.32763374665517947,0.4835826041904762,0.3098886540417551,0.04037280256666666,0.09386228655802192
2014-02-12,0.43886563270588236,0.3178957424824439,0.5040443411764707,0.27786546069310963,0.057090030694117645,0.1302726799644218
2014-02-13,0.4371584027666666,0.33242108918117996,0.4845833360333333,0.2973507372906277,0.07825826899333334,0.16601561260409278
2014-02-14,0.29492659088235296,0.3054050315835904,0.6806471376470589,0.29592566041752055,0.02442624267058823,0.05511502387409422
2014-02-15,0.49102226672222227,0.28110827576172953,0.43184391366666675,0.2559607393431753,0.07713383343333334,0.2220797423569856
2014-02-16,0.4465845060967742,0.34647908361723184,0.4936805400967743,0.30471294614622857,0.05973498185161289,0.11460909154505106
2014-02-17,0.255344362,0.19029705731820964,0.69173775,0.18981696862189593,0.05291787989333333,0.0881767382986813
2014-02-18,0.3091865990303031,0.25749419356601333,0.6214606360606059,0.24672651630419093,0.06935275945151514,0.16161687795348
2014-02-19,0.2680068667777778,0.28600948628712025,0.6249883077777778,0.29521138388219115,0.10700487311111112,0.20004488194977474
2014-02-20,0.27994426877272727,0.29899541291210213,0.611249585909091,0.3099812282952942,0.10880616965909091,0.2209482276882396
2014-02-21,0.2957809981428571,0.30965347142103605,0.5057776241428572,0.2938198548291861,0.1984413810678572,0.30282103713768044
2014-02-22,0.39699825258823523,0.18284350532427832,0.5367900305882354,0.15384841405211408,0.06621174319411764,0.17949081031564787
2014-02-23,0.32019548929999997,0.18439208014618805,0.5673534050000001,0.21389766804910545,0.11245112042000001,0.2629739521845256
2014-02-24,0.3262520145,0.2524581718410957,0.6051333508333333,0.22479812699483762,0.06861463251666668,0.06458695155916157
2014-02-25,0.20840110181818183,0.22907438661741616,0.6281709545454546,0.2471693760421699,0.16342797251818178,0.22930509017960932
2014-02-26,0.16383275011764709,0.188444329009611,0.6905675105882354,0.21450091566325089,0.14559973294117648,0.2097644093661812
2014-02-27,0.32864318430769235,0.3178330702574916,0.614014013076923,0.3007707061079027,0.057342791576923076,0.12869494663106495
2014-02-28,0.4103052903055555,0.349537846281081,0.49230057883333334,0.3276173477634143,0.09739409312499998,0.2308218836905405
2014-03-01,0.41624457429411765,0.3696038192060243,0.445374123882353,0.2880296877969119,0.13838128188823526,0.2002580943911456
2014-03-02,0.6423591335714285,0.34798059796890873,0.3452830773571428,0.3406013871110293,0.012357765321428573,0.02038676105644512
2014-03-03,0.30646576896428573,0.28682054339618346,0.5659864228571428,0.2927255469427935,0.12754781911428573,0.2657474792719329
2014-03-04,0.20615117200000005,0.24682686791127367,0.6907720494117645,0.23381921000567596,0.10307676786470589,0.1553452290381645
2014-03-05,0.3394821970454546,0.3658156483173444,0.590033126090909,0.3197946203546567,0.07048465329999999,0.07732728750062993
2014-03-06,0.3010317847857143,0.30608021737400426,0.5630345618571428,0.2826354230644455,0.13593368786428567,0.23931420942464174
2014-03-07,0.21992168218518518,0.24250614971076628,0.6604407885185185,0.27913061567886405,0.11963753431851855,0.24318180664525826
2014-03-08,0.19521519175000002,0.19615229039295926,0.7707416875,0.19992273305926866,0.03404312089166667,0.09517567221825282
2014-03-09,0.17051431725,0.15086100104020372,0.6405795925000001,0.2503478076747811,0.18890603415,0.3096898741499845
2014-03-10,0.5113007087142856,0.35364883772967426,0.46527526190476187,0.33569441856717924,0.023424024557142854,0.05800855119095496
2014-03-11,0.35783386540000006,0.3417140335308278,0.56483454705,0.32596045199587137,0.07733158203499997,0.1885281961898124
2014-03-12,0.28299293642105267,0.2356078535924199,0.6431951842105263,0.21818219124275426,0.07381186324736844,0.1482815491669959
2014-03-13,0.2929865923076923,0.2631729280850431,0.6742446918461538,0.25163099745032236,0.032768688992307685,0.06999890541375943
2014-03-14,0.4243919244210526,0.36980783313483173,0.45642793431578954,0.2990637218428194,0.1191801212368421,0.1900127323659148
2014-03-15,0.333419621,0.2842582639766788,0.49409643249999996,0.23656326842807163,0.17248392912500002,0.27839443674577546
2014-03-16,0.3203030144444445,0.17206047213067788,0.6265817822222223,0.13421835507012475,0.053115257444444446,0.09643534108889812
2014-03-17,0.2907012825333333,0.2579557728791997,0.5248188726666667,0.23189937853931009,0.18447984581333335,0.28934284778551955
2014-03-18,0.22144277589655165,0.17738290487209887,0.6800934528965518,0.21948276495414756,0.09846382114137933,0.21921366356257638
2014-03-19,0.22832487459090905,0.2449542998345857,0.5623336293636364,0.2664091801461182,0.20934149615454542,0.2877264206244587
2014-03-20,0.6235806978333334,0.3152324100962537,0.2732948238333333,0.17723005174793027,0.10312455596666666,0.2169058139054497
2014-03-21,0.2913264252142857,0.24473472201334406,0.6129006428571427,0.23459780164324132,0.09577294085714284,0.16991806408479831
2014-03-22,0.2428841188,0.2713752770940273,0.5806307740000001,0.2914629089051826,0.17648512078999998,0.274768750394826
2014-03-23,0.47095968699999996,0.2809339686852603,0.5079278783333333,0.2571549778874944,0.021112430866666667,0.02491709479426793
2014-03-24,0.31652025848333326,0.3058836501931468,0.5610976811333334,0.2899624678797141,0.12238207697,0.23788627206710086
2014-03-25,0.30595943644000007,0.2902203747100053,0.5587280657600001,0.2818183264366969,0.135312492652,0.25670584092417614
2014-03-26,0.46104290781818186,0.29692043863154144,0.5073547668181818,0.27355391067159557,0.03160232560909091,0.08088381754543864
2014-03-27,0.35669888976086955,0.3209876704370318,0.5687772400869566,0.3132212623376608,0.07452388620434781,0.19968547252087568
2014-03-28,0.2587396875625,0.2669530952201204,0.6195142158124999,0.27864648319053875,0.12174607385624998,0.22794275983663354
2014-03-29,0.4623794111111111,0.2695485435067767,0.5010559422222222,0.23236418940720113,0.036564649722222224,0.06661778520438043
2014-03-30,0.49874965999999993,0.26399467905568824,0.48881777750000005,0.25676030094448365,0.012432562500000001,0.009656169313244265
2014-03-31,0.12298432199999997,0.11359426471400966,0.734548678095238,0.15757187417394491,0.1424669782238095,0.18010210622076875
2014-04-01,0.46154596812000004,0.2606456089604042,0.5203666503200001,0.24861931951256427,0.018087384324000005,0.04308349540489927
2014-04-02,0.32581735776,0.2643343889360618,0.5742790342857144,0.24761875406598866,0.09990362497714286,0.21030926333863467
2014-04-03,0.28629615072,0.22844929733142827,0.5975404503999999,0.24241488544277934,0.11616338707999999,0.25335605287367424
2014-04-04,0.30327000152941175,0.28914576719061247,0.5782972762352941,0.26685948345538785,0.11843273424117647,0.21817644705295935
2014-04-05,0.2991451956,0.24343046065493112,0.6444300913333333,0.22292858195217188,0.05642468960000001,0.12528729630774016
2014-04-06,0.30965768,0.24406161197799808,0.638676164375,0.21913875952619472,0.05166612815625,0.08532708239456355
2014-04-07,0.2742176792352941,0.2705648963295626,0.6016683488235294,0.29716161681166225,0.12411396255882352,0.2704907138579989
2014-04-08,0.4581486341290323,0.34798514089017724,0.47875335983870954,0.3251236516293219,0.06309797488064514,0.18658702520903647
2014-04-09,0.5251808882222221,0.32048231698005797,0.4527593906666666,0.2993631445319814,0.022059710594444434,0.050167644664661414
2014-04-10,0.2862125269999999,0.27065796918842244,0.611816504904762,0.26280135782895003,0.10197100962142859,0.20230003297584181
2014-04-11,0.18484911643589735,0.1828112388858662,0.6715463191025642,0.24496131139787014,0.1436046175461539,0.2527779674982927
2014-04-12,0.20472738461538464,0.25092946512812764,0.6769505952307692,0.28874024917061936,0.11832205855384616,0.2430735713958042
2014-04-13,0.23707024833333337,0.2074956616814897,0.7495003093333334,0.2040784601175047,0.013429398900000004,0.0070069358527292515
2014-04-14,0.19547318825,0.22938891530237032,0.6106491875,0.29567454449193736,0.19387760973124998,0.3128664174445315
2014-04-15,0.2747927443333333,0.26584485507258854,0.610809568857143,0.24181699047559352,0.11439770008095239,0.19163534965067613
2014-04-16,0.3054748434736842,0.2752865138003867,0.5759897289473684,0.27714656284895073,0.11853543647894736,0.24299392142569873
2014-04-17,0.3990176392222223,0.3007052480829766,0.5152054423333333,0.2820273778261311,0.08577687303888887,0.216401997156179
2014-04-18,0.32420669934782603,0.31326145311625936,0.6232140935652173,0.29196300852484774,0.05257921555652175,0.10827622709327973
2014-04-19,0.38157068516666665,0.2761045482349944,0.5613283324999999,0.251545949455293,0.05710095883333333,0.09595414292990262
2014-04-20,0.29456688073333337,0.2914123500351012,0.6657903067333333,0.2777812474915514,0.039642787900000004,0.08672022287092852
2014-04-21,0.3140011504230769,0.316297857925068,0.611757251,0.30093301355220653,0.0742415947,0.1614229036441874
2014-04-22,0.27867001786956525,0.29395132297949594,0.634669948521739,0.25602564098287295,0.08666007066086955,0.13530336507308885
2014-04-23,0.3701547027499999,0.3406796838900182,0.4957379928416665,0.29791676747126317,0.134107302855,0.2316590395149553
2014-04-24,0.38825721498333327,0.35149898636008364,0.5351897397249998,0.32348746536099443,0.07655304589583332,0.16465861126440992
2014-04-25,0.36146535346031744,0.2900457920513694,0.5774350753333332,0.27346413282829307,0.06109955416031745,0.1546041520655026
2014-04-26,0.3743841241627907,0.30269990355146426,0.5870979629069766,0.28094577286571254,0.03851789203255815,0.08344644062648378
2014-04-27,0.2707643440588235,0.32523700669031824,0.6366879376470588,0.311462581906813,0.09254773478235291,0.18194520222631544
2014-04-28,0.31813962428260856,0.2550718340729172,0.6106310631086953,0.23094436295447737,0.07122926481956526,0.14657775215324997
2014-04-29,0.3076047422258065,0.2985587306823649,0.5749445823870967,0.2968723766038842,0.11745064210645158,0.24937966398531394
2014-04-30,0.2779015319743591,0.23920855471999414,0.6492695901282052,0.2560708439055632,0.07282886219743588,0.20002434619303033
2014-05-01,0.28420362195652177,0.2777256899404332,0.6931051365434785,0.2768679631105239,0.022691232165217397,0.05714307153233288
2014-05-02,0.25023709962499996,0.2686095863451774,0.6905776006250001,0.25825116764748046,0.059185285340625005,0.11288234015419157
2014-05-03,0.26066328231999997,0.24121307171577938,0.6817746172,0.22206436608283844,0.057562085751999996,0.08384137537061184
2014-05-04,0.1627492925,0.1984239642229338,0.6680204025,0.30142765090128054,0.16923029521874997,0.3042354253910587
2014-05-05,0.4075603195185185,0.2965643689854577,0.5339580537407408,0.2742362836374755,0.058481653325925934,0.13105887789136036
2014-05-06,0.36360716825714273,0.2928683284084649,0.5706752305714287,0.2656577466352197,0.06571758138285715,0.1261672706913955
2014-05-07,0.26011554554054056,0.2800885833611316,0.6629987381891891,0.2765229416870856,0.07688568032702703,0.16553038565594477
2014-05-08,0.23108514154545456,0.2507897953428654,0.6676754672727273,0.214525495955688,0.1012393645,0.12931586877499687
2014-05-09,0.33174508025,0.3040417756067282,0.5286405478749999,0.2651655432774963,0.13961434854166663,0.23013348322324184
2014-05-10,0.3560558987142857,0.24750082948264995,0.5889790635714285,0.21587367491367276,0.054964988785714285,0.1242382860241071
2014-05-11,0.6263511283333333,0.24156490698591,0.3537622676666667,0.2119928228950372,0.019886518333333335,0.03437123003237603
2014-05-12,0.331370803625,0.24764121631286898,0.5733829925,0.25604790117970533,0.09524613379374999,0.23334506696875182
2014-05-13,0.3311704035714285,0.18267973760965603,0.6133223835714284,0.16731521159383586,0.05550719289285714,0.11811148890667919
2014-05-14,0.22678231425,0.12209159010398932,0.7531066599999999,0.11160861033782592,0.020110998743750004,0.049362206343886945
2014-05-15,0.2136674595,0.2328777454915434,0.5082977233333333,0.2951784420847812,0.2780347897166667,0.3723134595483784
2014-05-16,0.4509557718,0.29162781119507486,0.44783627199999987,0.236260146001408,0.10120798217,0.22588012198607146
2014-05-17,0.32061625,0.18518120311457575,0.6618709336363637,0.17774540832031105,0.017512804300000004,0.016953494821210533
2014-05-18,0.34468520319999996,0.32888371608766354,0.6386494157999999,0.32192945650918137,0.016665306248000007,0.03499701833455738
2014-05-19,0.37830625537500007,0.30231399311817714,0.5814581784166667,0.2773223652467913,0.040235569495833345,0.07878518710032778
2014-05-20,0.28220274614999996,0.2220008115829385,0.6752876539999999,0.2031417457151044,0.042509590070000006,0.07194316377806703
2014-05-21,0.27231970854999993,0.3189595263659677,0.63066470565,0.32020917836377427,0.09701556936999998,0.20375727179904896
2014-05-22,0.44998180512,0.328680383975346,0.45870894632,0.27565341028455714,0.09130924001199998,0.19857938426572697
2014-05-23,0.3681075238260869,0.3263245573841259,0.5446106015652173,0.2990482727331112,0.08728187706086957,0.17526554577035938
2014-05-24,0.19903986683333333,0.20700149348716132,0.6671085716666667,0.23411411689760817,0.133851561,0.21407925140383316
2014-05-25,0.31176422916666663,0.3601821715228153,0.6134188991666667,0.3181114322855637,0.07481681658333333,0.07595400690645791
2014-05-26,0.29201600939999994,0.21122847548247242,0.6583947460000001,0.18902298922101388,0.04958921627,0.08224243039068053
2014-05-27,0.3260589147692307,0.2760765535820893,0.5901749187153843,0.2605443185662035,0.08376616549846158,0.1678684950915139
2014-05-28,0.3092586411230768,0.2595728505660401,0.6301668661846157,0.2523454814993313,0.0605744686676923,0.15302960158731257
2014-05-29,0.36920438831147556,0.27847493665173656,0.5537565096229509,0.26521309815119154,0.07703911685573772,0.18731444321915536
2014-05-30,0.3112681748,0.2795007081066267,0.6650742321749996,0.2797225553999377,0.023657590159999974,0.0939992057331139
2014-05-31,0.3133639862962963,0.2918466343343161,0.6694396657407408,0.28504858358649776,0.017196289974074075,0.04619172739293602
2014-06-01,0.4186711389285715,0.36812745100068295,0.5509881962142857,0.3592822231764759,0.030340682064285706,0.0774176602529015
2014-06-02,0.3484046523307694,0.3026621937988137,0.6096048939923076,0.30013538293325714,0.041990456590769214,0.13882297020973913
2014-06-03,0.43498088826315795,0.29954289739107254,0.4877930950789474,0.2548422784082265,0.07722603830000001,0.1724783018912425
2014-06-04,0.42054137468749997,0.30503168033501193,0.5554162308749999,0.2891309226874809,0.024042400840625002,0.03464443111258832
2014-06-05,0.33782235575675673,0.28877137805665876,0.6122350872432433,0.26809094254027555,0.04994254174054054,0.11591957507097168
2014-06-06,0.4095756548399999,0.29818290875643505,0.5305089897399999,0.2813859663242083,0.05991536311400002,0.17090272571468867
2014-06-07,0.4518089760799999,0.34963143229853966,0.46387997220000005,0.3191018034264677,0.084311059016,0.2140435445888993
2014-06-08,0.377166747875,0.3340540326310279,0.5857878212500001,0.315150095949819,0.037045442162500004,0.0755242830793908
2014-06-09,0.3441894536869565,0.32388647076749005,0.559921383173913,0.3017400933458193,0.09588916335000004,0.19820152463780363
2014-06-10,0.32665905149999996,0.29124969878879203,0.5826460402631579,0.28288910150418567,0.09069485497105263,0.2039338886052442
2014-06-11,0.6868849094843746,0.3892263005260601,0.2631694487656251,0.3424694969148982,0.04994575166718748,0.15916069231885385
2014-06-12,0.45727017083333327,0.3177219005391194,0.4552255928333333,0.2817397774846452,0.08750422457916664,0.18189732129827046
2014-06-13,0.40678590430000006,0.31888579526307637,0.5169440804000001,0.2771297755308393,0.07627003315666664,0.1683690616006783
2014-06-14,0.34686227753846155,0.24919009287696028,0.6041913815384616,0.23556783700938852,0.04894637406153846,0.14798448502530034
2014-06-15,0.4074388,0.3337613047296233,0.5823702437999999,0.32811065114897353,0.010190974930000003,0.01095635346719012
2014-06-16,0.7801614073666666,0.322566442916915,0.19084395879999988,0.2785242634825967,0.028994677090000014,0.10289439952085491
2014-06-18,0.6972419943103451,0.3660542008868228,0.2826210936206896,0.3415911022413543,0.02013687868965517,0.05914105270213587
2014-06-19,0.5458033785405405,0.3117345644310716,0.41096728145945927,0.2721325130602584,0.043229354589189195,0.11744625680653367
2014-06-20,0.4765724375714285,0.2774351986575681,0.4838194047142855,0.2623821403119226,0.039608199242857134,0.1432765033611234
2014-06-21,0.22184689916666667,0.13468784789991617,0.713868235,0.1347975736821579,0.06428488296666666,0.12758169520965462
2014-06-22,0.217503558,0.27264599096800696,0.6194667825,0.280947003185724,0.16302965522500001,0.260049942843219
2014-06-23,0.35845952819780225,0.2638038900834272,0.5287332097472535,0.2529192276744632,0.11280725424395578,0.25578976785955837
2014-06-24,0.596482706125,0.24844643948506578,0.36536284750000003,0.2149561651146617,0.038154418405000015,0.14739510307460973
2014-06-25,0.47727164870588235,0.325059886853266,0.4441179473529412,0.2851333346740667,0.07861037254117646,0.19237417536772755
2014-06-26,0.31405783858823527,0.29480780918419475,0.6296946688235294,0.27957203599753405,0.05624753465294117,0.12129682339870608
2014-06-27,0.5355105991666667,0.29189224191422075,0.41903949641666666,0.26128136841768973,0.04544991935,0.11643541273200783
2014-06-28,0.11848031514285716,0.06523726882638554,0.86657248,0.06986847953109386,0.014947225785714285,0.007893172341153205
2014-06-29,0.2898129464615385,0.29187698083993835,0.5528156128461539,0.28996335852805527,0.15737141631538462,0.28406291976692566
2014-06-30,0.5329735187954543,0.4102629778910126,0.40836064863636357,0.3672014513120569,0.05866586659772728,0.1438952925244798
2014-07-01,0.4210894588095238,0.3211932104441721,0.5261517945238096,0.2820954740167528,0.052758766552380945,0.09643650852171391
2014-07-02,0.347980429051282,0.3032967662116881,0.5473969461025642,0.29248253191451346,0.1046226402897436,0.2402558023698589
2014-07-03,0.4354726366486486,0.31261766867678137,0.5323959903783783,0.29380624852226156,0.03213141540540539,0.07446144684555875
2014-07-04,0.4052262363809524,0.3145861547112734,0.5825293724761904,0.31006942394560194,0.012244425595238093,0.01468328299704115
2014-07-05,0.254179275,0.25109831616494976,0.66971662,0.22258349168050376,0.0761041144142857,0.1356067298233911
2014-07-06,0.3930130210555556,0.31111679620391813,0.6006726606111111,0.3087758578981542,0.006314318777777778,0.003076935338181868
2014-07-07,0.3612377189130434,0.3137932623170515,0.5728049733043478,0.2852453067480984,0.06595730381956524,0.13313046008889978
2014-07-08,0.5000592543043478,0.378374787055142,0.33979078817391306,0.2751955579728356,0.16014993862173912,0.2844931740906966
2014-07-09,0.19035083588888888,0.2420110866773682,0.6539020445,0.30056570540276545,0.15574710074444448,0.27806823858321766
2014-07-10,0.16833369009195376,0.17250751602564227,0.8204275837931043,0.17126115963397148,0.011238742075862054,0.01354251725378423
2014-07-11,0.2738995503333333,0.25090861353815436,0.6661766232222222,0.26159277323985003,0.05992378704074074,0.15622225946523252
2014-07-12,0.24814164750000003,0.22925065120243301,0.65100970125,0.2636116873781722,0.10084860175,0.22955311299390224
2014-07-13,0.343390006625,0.3237940444345769,0.6158948837499999,0.30066275090660294,0.040715063262500004,0.09051707782082168
2014-07-14,0.343313758,0.352470871968944,0.5684352619999999,0.3228858675952064,0.0882509770448276,0.17739509035135403
2014-07-15,0.361612728032258,0.29170907381027295,0.5853689386774193,0.27397696860133147,0.05301830518709678,0.10665698653880662
2014-07-16,0.4426436824634146,0.35288176190556,0.47025256370731705,0.3102741121506231,0.08710371530975611,0.19106812961594705
2014-07-17,0.5128872070555555,0.3564466940490478,0.43474282711111106,0.33119399992984905,0.05236994327037038,0.16492061967956978
2014-07-18,0.46609750377777776,0.27860411904057075,0.47775752894444445,0.2557735026225863,0.056144975644444456,0.1601815348554957
2014-07-19,0.4667106327499999,0.35045983846421536,0.52477740525,0.34667532239814425,0.008511940283333333,0.0045242440957371025
2014-07-20,0.4032106772142856,0.31402856473612883,0.58267453,0.3051592137289858,0.014114803171428573,0.022271165168008374
2014-07-21,0.363601279125,0.2761530706727464,0.6192551110250001,0.27171961866263983,0.017143579534999998,0.023818499230001747
2014-07-22,0.39872497691176456,0.3205681039388599,0.5374105803382353,0.2979966109223322,0.06386443235,0.1506753993492828
2014-07-23,0.31204532304225363,0.26897269488177333,0.6061494920845073,0.26021457935289766,0.08180522308450706,0.18623490924789748
2014-07-24,0.3332326200833334,0.3184959096228113,0.5807705782708331,0.3068271467429898,0.08599680145625,0.19666017438093739
2014-07-25,0.38739132617948724,0.3197704320555043,0.5252951981794871,0.29442347964816035,0.08731345672307692,0.20346751382017708
2014-07-26,0.5765629211111111,0.2212328027915762,0.4030772382222223,0.18770899590084092,0.020359693044444436,0.043914740835084766
2014-07-27,0.33118183488888886,0.2167002947734217,0.56400389,0.2376983066569623,0.10481426252222222,0.26867662410582677
2014-07-28,0.27231587921052636,0.24870769109496282,0.6498037125789473,0.26651623425614857,0.07788043010000001,0.21042294368431677
2014-07-29,0.3822701815,0.306919363806282,0.5949258853749998,0.2926956966096264,0.022803869925,0.056123539333787074
2014-07-30,0.08338146270689652,0.16268853759359872,0.8876984414655166,0.17316994588797796,0.02892008208448275,0.07077378079127332
2014-07-31,0.11941341451515154,0.19421558507746972,0.7620152087878789,0.2681192658564573,0.11857137434848487,0.23263436263635143
2014-08-01,0.24124124139473682,0.2145124847664314,0.7020070752631581,0.23158125623625564,0.056751685573684194,0.15465346554728393
2014-08-02,0.2554994398333333,0.243708069373032,0.7303263827666665,0.24024474790598507,0.014174171866666667,0.020046616701925986
2014-08-03,0.33374723962499997,0.25203041910826224,0.646296405,0.23702686098599574,0.01995630515,0.028145688776014092
2014-08-04,0.28892689642857144,0.25096544413517646,0.6371076057142858,0.24659961292390156,0.07396550561428572,0.12249117747676644
2014-08-07,0.23712454833333332,0.14962590124123254,0.6933703433333332,0.14575524732206072,0.06950510016666667,0.08370419104387056
2014-08-08,0.2806181260909091,0.3038979784623527,0.6277592909090909,0.287787979563171,0.09162256819999999,0.1569457734287612
2014-08-09,0.31026040025,0.3603512484069397,0.4981837375,0.291215209334251,0.191555871,0.17969540093059064
2014-08-10,0.493176995,0.3154792375137902,0.3765393725,0.18666848822484572,0.130283609275,0.17993613831439753
2014-08-11,0.3879070866666667,0.34983168751814003,0.6014773416666667,0.3429461040131405,0.010615559266666666,0.009916990034099623
2014-08-12,0.28356558459090914,0.2949304075597715,0.5571966412727273,0.3148826488117281,0.15923779606363636,0.29866905434042174
2014-08-13,0.3847900617647059,0.3455528367235265,0.5436869835294117,0.3215775525328095,0.07152295217058821,0.17124877305081032
2014-08-14,0.24493328118181823,0.23600727880011527,0.7101190845454547,0.22336669910853987,0.04494761115454545,0.05536914652059806
2014-08-15,0.35433395318181815,0.27762499059374596,0.5937128351363636,0.27071828309227236,0.051953176400000016,0.15762528567665113
2014-08-16,0.262187464375,0.23156989091721114,0.7236012299999999,0.22993814494696987,0.0142113423375,0.016389823431711956
2014-08-17,0.323881626,0.3121841388690449,0.6682257039999998,0.3107004280324985,0.007892646233333333,0.0035093602015674693
2014-08-18,0.3725453107272727,0.2518353251059412,0.5382139960000001,0.25547618562968677,0.08924070346363637,0.24380816779403475
2014-08-19,0.34185867753333327,0.304584394091174,0.5036370620666666,0.2958624845441035,0.15450424090222226,0.2804958885910876
2014-08-20,0.33695023900000004,0.33993515425803034,0.5591759710416667,0.30042815100408027,0.10387375403749999,0.17586945041612062
2014-08-21,0.3175592275000001,0.2995717817642083,0.6150022262999999,0.26551136700476047,0.06743852026,0.11218091902437528
2014-08-22,0.3457561398181819,0.31139711310397444,0.5385694927272728,0.26246918320644985,0.11567435781818182,0.2040854165738805
2014-08-23,0.8129952552941176,0.19999767495212578,0.18233077823529412,0.19718379196249025,0.004674148205882354,0.0032460195169767094
2014-08-24,0.3427290446666667,0.2689470603819944,0.5966035533333334,0.2417578144605396,0.06066741488888889,0.1354365486956527
2014-08-25,0.4533334072666667,0.3081681439297376,0.4897543586666666,0.27703648147131343,0.056912213960000006,0.15477424114326174
2014-08-26,0.297669242,0.21997752117294767,0.6525557526000001,0.19996666715368225,0.04977501693,0.09032466961516623
2014-08-27,0.38703059895652175,0.2991202292792474,0.5611187203043478,0.27551100570093473,0.05185066476086956,0.10591584092565241
2014-08-28,0.42667567262500006,0.28728271361083435,0.5159486117083333,0.26996752046929867,0.0573756994791667,0.15569652019143654
2014-08-29,0.37730698547619046,0.272112781197796,0.5342848910476191,0.23180179900511386,0.0884081339095238,0.1506331495467568
2014-08-30,0.232374095,0.14033031015821573,0.70630832,0.13168213057630712,0.061317590090000006,0.10617645763465454
2014-08-31,0.2817651296875,0.12537317788976815,0.6958307981250001,0.11450101341642294,0.02240405146875,0.03394936990680235
2014-09-01,0.4406186661538461,0.3168564886832422,0.5516984588461539,0.31108004151676305,0.007682844346153845,0.00983740651472524
2014-09-02,0.3461206358148148,0.2952091282396645,0.5405830503703704,0.2723617379251848,0.11329630470370372,0.2124003293969602
2014-09-03,0.23721335364901952,0.25597185719300364,0.5111097287254903,0.25420421614943606,0.2516769000803921,0.3101617626420889
2014-09-04,0.264695827,0.29550147930276155,0.4909594822121212,0.2322459610952543,0.24434469783636367,0.2728719047260465
2014-09-05,0.28385131226315785,0.24673389917616476,0.5166883186842106,0.2398130154468245,0.19946036255263158,0.30201253956005025
2014-09-06,0.34964159744444445,0.2584676618991705,0.5990014911111111,0.23729509186222258,0.05135685153333333,0.08552096685709319
2014-09-07,0.6754158316666666,0.26705685290047654,0.26767765866666665,0.18038326338550198,0.056906471466666664,0.11791335595196344
2014-09-08,0.23977105366,0.2412534315598415,0.6013130731999999,0.2636045736407891,0.15891587608000005,0.2727757143442321
2014-09-09,0.4103643563555556,0.32424959105834367,0.49431128540833313,0.2925849399341237,0.09532436794777772,0.20034412011740255
2014-09-10,0.34212918126446273,0.28920889401542244,0.5676223186859501,0.2707611089539781,0.09024851233636347,0.19743940227603493
2014-09-11,0.41209097256756755,0.36444094564878626,0.47867633440540536,0.31775481783413295,0.10923267789999998,0.21386191733088486
2014-09-12,0.3629107840243902,0.3132001040714098,0.5055540183658536,0.28922206670653383,0.13153521182926828,0.260955690633613
2014-09-13,0.25013870307142855,0.28243188990570994,0.5818475900000001,0.27799705382516693,0.16801366265,0.25186564666946715
2014-09-14,0.43051100000000003,0.33005216115367497,0.5628672069999999,0.32755157180042094,0.006621854,0.0032004038861320086
2014-09-15,0.42497816231999996,0.3288648492455754,0.49062637314800006,0.3123879725715283,0.08439545048399999,0.21287344388110596
2014-09-16,0.3092195288387097,0.30223632035911996,0.5389515297741938,0.26313244018045767,0.1518289063516129,0.2431654711958226
2014-09-17,0.5184928085757576,0.33954704778190387,0.4183487548484849,0.2916644957838031,0.06315842335151516,0.12756880857884909
2014-09-18,0.2836745979130435,0.18225275605898533,0.6381971408695651,0.16750234942094597,0.07812826944782608,0.14997426105646852
2014-09-19,0.2938613375714286,0.2716356638821983,0.5782075867619048,0.2537906746858791,0.12793109723333332,0.20161206129533027
2014-09-20,0.4062213240909091,0.35734630233509157,0.41247004227272727,0.2800230271415836,0.18130861395454548,0.2756923696538875
2014-09-21,0.22616651599999998,0.33447072887791224,0.560844996,0.3082657957770861,0.21298854,0.25317600959408565
2014-09-22,0.6049623067954545,0.3425331732985728,0.35836550480681817,0.30359507413689724,0.036672214379545445,0.10397534705666311
2014-09-23,0.729668834375,0.2867968492629643,0.26000767999999996,0.2691369479927342,0.010323568774999998,0.020021424003644463
2014-09-29,0.17703155285714287,0.19615069315858144,0.5508523814285714,0.27357825865399743,0.2721160655285714,0.3469136887537785
2014-09-30,0.31991336000000004,0.3172206495919879,0.6086168180769229,0.2834272525087231,0.07146978794615386,0.13013435388058517
2014-10-01,0.28713043187500004,0.24317462412585633,0.650453803125,0.22433136575938972,0.06241575480625,0.0995016710432435
2014-10-02,0.22345410962499998,0.25372197209160713,0.6015309881249998,0.2265643652554262,0.17501489575,0.20723790825326138
2014-10-03,0.30246460433333333,0.30385649430105177,0.5970572906666667,0.2541962592043045,0.100478085725,0.1513928443175926
2014-10-04,0.3361353757142857,0.21309432743700973,0.5624812757142857,0.10222660881833036,0.10138330807142858,0.15143148856261796
2014-10-05,0.11027765075,0.07835503805274481,0.6795360075,0.1936165719247688,0.21018638875,0.23949115948418667
2014-10-06,0.261461359375,0.2194746741480173,0.6125696331250001,0.20579742849627736,0.12596902979375,0.1936399885545284
2014-10-07,0.31534177240000005,0.30583951343581944,0.5677172973333333,0.28423651663098787,0.11694092426,0.21667403700029192
2014-10-08,0.30642581874074076,0.29008285594235006,0.5074656483333334,0.2659839088979832,0.18610851714444443,0.295739679718129
2014-10-09,0.35826909799999995,0.31190970387472633,0.58010091,0.2778472474348278,0.061629986599999985,0.10667765539312009
2014-10-10,0.15793888439999998,0.2022207682505242,0.7099064879999999,0.21439657435596632,0.13215462224666666,0.15717480282045782
2014-10-11,0.5036318774999999,0.2988526024084343,0.48855731,0.29917222920962977,0.0078107884249999995,0.0028560079571313506
2014-10-12,0.4746802575,0.37613857974258774,0.411351152,0.29627382417251613,0.113968601825,0.18962245117106324
2014-10-13,0.3814682631428572,0.27794914274291754,0.5694870018095239,0.25713120627405284,0.04904471938095239,0.10877615766035181
2014-10-15,0.16884553956249998,0.16574793960140113,0.6207635525000001,0.20924944817023927,0.21039090884374995,0.24651081982060385
2014-10-16,0.42434844555172424,0.3045411376209695,0.5142317477931034,0.2889916976646108,0.061419821717241384,0.17551970249393972
2014-10-17,0.4750888838666667,0.2948410690085023,0.5064764382666667,0.28635320316606483,0.018434651573333335,0.017223603624223156
2014-10-18,0.3214436464666667,0.28583188458156267,0.6118180913333333,0.2978729589748129,0.06673826086,0.21107828925556
2014-10-19,0.18957496526315784,0.09379873034329106,0.7588330226315791,0.10417535581843729,0.05159191533684208,0.11233179273337128
2014-10-20,0.33753092891954023,0.3019381248618492,0.5940298756206897,0.29467605544783215,0.06843918503448275,0.17823278330293177
2014-10-21,0.2927042016292134,0.27045095972007127,0.6774648221011231,0.2750254898651187,0.02983097956067414,0.1135228780683839
2014-10-22,0.3613952968076924,0.33007509250454276,0.5983898742307694,0.31357098920769944,0.04021480092307693,0.07423132533851742
2014-10-23,0.5511349050000001,0.30912342087001576,0.420177179875,0.2828200969248344,0.0286878912125,0.052447054722115874
2014-10-24,0.351058453375,0.30746239611230536,0.4557122325,0.2496151815957066,0.19322931537500002,0.22918351418009741
2014-10-25,0.20088303288888887,0.2489540799321475,0.6622560655555555,0.246125223314127,0.13686090588888888,0.1585842117064899
2014-10-26,0.7046687543428578,0.20629313194157925,0.281265887285714,0.17992743044879347,0.01406531505142859,0.044455527413599406
2014-10-27,0.24578194056249997,0.23699270492833086,0.64830527,0.27393003949705014,0.10591277003749999,0.2163370491348891
2014-10-28,0.23055350266666652,0.24424109805325747,0.7096661799999997,0.26194860661184777,0.05978029000158731,0.16722171319171605
2014-10-29,0.2211992605675676,0.2679791637056647,0.6370728802432432,0.2679880885273428,0.1417278243783784,0.2023756112136139
2014-10-30,0.27574429175,0.34010314664288116,0.623257807892857,0.32745615389664345,0.10099786167500004,0.18501231528102433
2014-10-31,0.29142864041666666,0.24221840440839015,0.6701444312500001,0.25438475622312007,0.03842686565416666,0.14195261975925125
2014-11-01,0.43846467575000003,0.2868244795833344,0.55415081,0.2867773528990608,0.0073844641875,0.003255641506285243
2014-11-02,0.27379523375,0.22351901212771483,0.702084405,0.2073977047560628,0.0241203815375,0.037923141425300726
2014-11-03,0.4599427080555555,0.28292288328624154,0.4852729280555555,0.27141977395701833,0.05478438408333333,0.1864067729856599
2014-11-04,0.174090565,0.1387842820442867,0.7732857200000001,0.12250611155570758,0.052623763050000015,0.10104977960275188
2014-11-05,0.35050753275,0.3398788317689313,0.5732341375,0.32221693048888383,0.07625835057499998,0.18252190527466944
2014-11-06,0.43231849580000004,0.34420758559480885,0.49476742330000006,0.29318817659215035,0.07291406041500001,0.11493936173134527
2014-11-07,0.37743284250000003,0.38965534675073377,0.39768033925,0.2738881969185982,0.2248868116,0.2669545228315838
2014-11-08,0.38115740249999996,0.36605346860629634,0.6090846233333332,0.3613864863313997,0.009757968,0.008103532448519607
2014-11-09,0.08988642100000001,0.07822382746355713,0.7960707733333333,0.07270137606835392,0.11404280166666665,0.10617297749129376
2014-11-14,0.213014207,0.2623978426485605,0.6465919450000001,0.19612040666146974,0.14039391224999997,0.12907293904751532
2014-11-24,0.5001450380476191,0.3368088582529808,0.4253014187952382,0.2904841253187237,0.07455354430952382,0.19306213891213628
2014-11-25,0.3974626216376811,0.325490698580711,0.5205573859275363,0.29377928280493976,0.08197995507246375,0.1740800293100203
2014-11-26,0.41647677822222223,0.26584530525607275,0.5121189255555556,0.21780984745436505,0.07140423073333332,0.15207463551071015
2014-11-27,0.15304601822222225,0.09420040063958543,0.7084525466666666,0.15135666832304526,0.13850138488888888,0.1848437423315752
2014-11-28,0.32331232285714284,0.2700256696867848,0.5557636257142857,0.26229781452613066,0.12092401135714288,0.24168123425990898
2014-11-29,0.3714954,0.1967787794639222,0.62120509875,0.19549350915948563,0.007299509137499998,0.003216547459094261
2014-11-30,0.53405426,0.25221975662419843,0.44509063400000004,0.22714245373178232,0.0208551235,0.03138926689869327
2014-12-01,0.2687990189999999,0.3032138300518778,0.520254260586207,0.2852344723634941,0.21094668765172414,0.28816622372663503
2014-12-02,0.3078806062258064,0.2653947281987897,0.6648383394112907,0.257529341184553,0.027281067693548385,0.06685296271296355
2014-12-03,0.24185404775675684,0.2153628307299276,0.6894055134054053,0.2213460557542375,0.0687404430054054,0.16421005101921676
2014-12-04,0.2542457578076924,0.2528361552619346,0.6606703349230771,0.27445033164741894,0.08508389626923075,0.220141607207578
2014-12-05,0.36815930619411774,0.325135099274578,0.5500660144705884,0.31785791295315563,0.08177464662941177,0.22291657729345538
2014-12-06,0.26503778822500007,0.24469442284459567,0.7028892558,0.25726145007539253,0.03207297099500001,0.13854882377299035
2014-12-07,0.3589599240588236,0.2683284212548792,0.5640298578235294,0.2280578961437566,0.07701020336470586,0.16439118421988164
2014-12-08,0.2756756626458334,0.2619401604650559,0.6653321945,0.2563581666662068,0.058992123377083344,0.14517630238059653
2014-12-09,0.20602011603703704,0.20853173087470328,0.7033866657037037,0.24360698418573262,0.09059324444814815,0.20265709802901027
2014-12-10,0.23597866733333328,0.2769481334802401,0.6609363541666666,0.27327319347149165,0.10308500576111111,0.19203276328602295
2014-12-11,0.3118084779259259,0.3082615417372143,0.6350665480740741,0.2903104692757655,0.05312492830370372,0.11716853830938989
2014-12-12,0.15493027120000002,0.21936365980650435,0.8338889565999998,0.21654363525037398,0.01118078336,0.01092965907194918
2014-12-13,0.2958248196,0.33254722161599054,0.6837869409999999,0.3221104503547204,0.020388210639999998,0.016311230143170905
2014-12-14,0.39757643611111115,0.32602186256122584,0.5905008144444444,0.31735484888936777,0.01192272911111111,0.010120356279066415
2014-12-15,0.3096546026666667,0.2715209151445982,0.665177029151515,0.2649820989423167,0.025168413451515152,0.0726896113156619
2014-12-16,0.19628580821276592,0.21527738715853822,0.7570488874893617,0.22484944283545796,0.04666533252553192,0.11981919441914762
2014-12-17,0.2822939339333332,0.2431484215219241,0.6141229108245615,0.2563275191999675,0.103583202722807,0.23452980377186558
2014-12-18,0.32744889627272716,0.2693668365634477,0.6189100767045453,0.27403928591806725,0.053641017538636364,0.1697791863802696
2014-12-19,0.3908636240666667,0.3663455160553605,0.48093879059999994,0.3170452482945934,0.12819755741999997,0.23941009701241878
2014-12-21,0.2045921386363636,0.19977818538038455,0.7863870054545455,0.19897838756562242,0.009020850518181819,0.0054198230876777356
2014-12-22,0.2777194051111111,0.26875075878325166,0.6673010733333334,0.27706151015807123,0.05497952954444445,0.16089411509286142
2014-12-23,0.2358980866666667,0.166628183817704,0.7423623555555555,0.19367110132992293,0.021739565488888894,0.04549493628533554
2014-12-24,0.500598366923077,0.317328628056699,0.48590351176923074,0.30748287524006546,0.013498157484615388,0.016515753989973174
2014-12-25,0.35999656,0.3224029828916481,0.34090716200000004,0.2061140075916094,0.29909626479999996,0.35868878853390973
2014-12-26,0.8118403231249999,0.2950105395169736,0.1839008440625,0.29185837644378193,0.0042587731375,0.0036220262799161558
2014-12-27,0.17036549105,0.07805336561924454,0.7754096289999999,0.1273044102348819,0.054224835375,0.15288328849593044
2014-12-28,0.3255819328181818,0.2751603109052691,0.6623832563636365,0.2681710654164531,0.012034808318181812,0.021967490114870026
2014-12-29,0.3603868164,0.3093296675820332,0.6336861067200001,0.3082285341479126,0.005927019196,0.002371981595736824
2014-12-30,0.28882138515909095,0.23388984937846552,0.694487957840909,0.23005298254213508,0.016690674634090907,0.06025471826448378
2014-12-31,0.36045846446153856,0.32939270277083715,0.560955187576923,0.3133549461101549,0.07858627035,0.1779409420347621
2015-01-01,0.14876579593750003,0.07730347496124763,0.763511249375,0.18921574423988619,0.0877228893125,0.2267006865801479
2015-01-02,0.17634371162000004,0.21306316853378737,0.7777588564000003,0.2319076041296356,0.04589743382999998,0.12620859102913423
2015-01-03,0.5786514035714286,0.31072921557943284,0.3650791347142857,0.2341208919938254,0.05626950055714286,0.12751912278934635
2015-01-04,0.31631617785714283,0.1930513561778354,0.6530915414285714,0.17189445905424697,0.030592242399999997,0.058979120377722204
2015-01-05,0.35780106895833336,0.35265769599347685,0.5859978218749999,0.33330535860649374,0.056201141204166666,0.13542819161914166
2015-01-06,0.34975619965217397,0.3178150597241451,0.5511838601304347,0.3047644964817239,0.0990599193826087,0.21651875132473705
2015-01-07,0.3178281207659576,0.23630221533039547,0.6450604245957444,0.2310025647692035,0.037111453095744665,0.10597368549656457
2015-01-08,0.6251091869259261,0.3556671176780148,0.31343940344444454,0.3067794653187402,0.06145139222592596,0.18525799447701846
2015-01-09,0.3621894493076923,0.3389827830519495,0.518360498923077,0.32649810618018754,0.11945005372692305,0.2564469789017347
2015-01-10,0.5598493916666666,0.3435781724856346,0.36826202216666665,0.30541520730145644,0.07188859684166667,0.22190048430160855
2015-01-11,0.23880290899999995,0.05135473178564328,0.7523788978571428,0.04978626000398936,0.008818151928571431,0.0029836949078283184
2015-01-12,0.203237965,0.11142803140119587,0.7112009825,0.12157139069920729,0.08556106583333334,0.15968069516356928
2015-01-13,0.39153151589655166,0.32267872266495373,0.476765721724138,0.27560151660796006,0.13170274558620695,0.23701783829619302
2015-01-14,0.3074632292333333,0.2895504916209785,0.5744714826666667,0.30463059852784197,0.11806528660666667,0.26828841868601877
2015-01-15,0.35338583780833327,0.3423985539592982,0.47416375166666674,0.3241071131126925,0.17245037528333332,0.31642609865221233
2015-01-16,0.2542614085909091,0.23310583791502199,0.601280819090909,0.23366197007876408,0.14445776320454548,0.24809929358910782
2015-01-17,0.5066212602857142,0.3494792395635786,0.48391075499999997,0.3427554546114267,0.0094679284,0.0087143120280949
2015-01-18,0.46923003750000003,0.39597464836517693,0.34649460875,0.30959651229610796,0.18427537195000002,0.30315538408662074
2015-01-19,0.267986622125,0.3120503156731604,0.5737852412500001,0.2543388112329114,0.1582281725875,0.19066266496927045
2015-01-20,0.3028983992222222,0.2494314965659565,0.6479730900000001,0.23689857514028811,0.04912852138888888,0.11491488406162713
2015-01-21,0.52234203,0.34473593047084056,0.45945557433333334,0.33044628572691476,0.018202412033333334,0.015247297215531544
2015-01-22,0.20520944206666666,0.20586445331253567,0.7183288830666666,0.22061463022605823,0.07646167485333333,0.15973766329497102
2015-01-23,0.3787779727666667,0.2626896203245368,0.5142182424333333,0.22138792992235734,0.10700376908999999,0.2109722961119399
2015-01-24,0.4947905225,0.40387804182213094,0.48627966850000004,0.38726557820084195,0.01892982675,0.018580049652740776
2015-01-25,0.6118356135555556,0.3220406585175941,0.29394495933333337,0.24169116885210612,0.09421945070000001,0.24803033969069763
2015-01-26,0.4297317473333334,0.32145368706995786,0.5208334118571429,0.2970973585770253,0.04943483684761904,0.1121826412743471
2015-01-27,0.45203131376,0.33422665167607674,0.45360080723999974,0.28960894490895783,0.09436787133400001,0.19182462443483264
2015-01-28,0.5570768853415495,0.3353273850610168,0.3880231016161974,0.2974912228558563,0.05490000076478874,0.15330630226370787
2015-01-29,0.349855362,0.25002922250598597,0.5915122827777778,0.23924482324425797,0.05863236642499999,0.10697345345070346
2015-01-30,0.5796396632692307,0.3655042082228926,0.3345337629615385,0.2997016388953809,0.0858265685653846,0.17872818318677816
2015-01-31,0.43560980779999997,0.3408295162150921,0.42493672999999993,0.24025466995062988,0.13945347146999998,0.20550250424994398
2015-02-01,0.4287686275789474,0.32729888007032704,0.5019714594736843,0.3052364597090781,0.0692599297473684,0.1848113467882632
2015-02-02,0.32186249849999987,0.31807672329053427,0.6133969107692308,0.2942396198841136,0.06474056881153845,0.12950892400748715
2015-02-03,0.4115864780454546,0.3180263961761853,0.5148332833636363,0.29431855153709297,0.07358026868181818,0.18918919224504235
2015-02-04,0.4267439422400001,0.3172837636405594,0.52868905632,0.31286031114905133,0.044566995035999986,0.1703163381956562
2015-02-05,0.28119884092857145,0.28037460601902703,0.6347276645714285,0.2628938244794892,0.08407348162500002,0.14820085422375975
2015-02-06,0.47060099378260867,0.31784589818112297,0.45623190660869567,0.2890530815470299,0.07316709607826087,0.19139940036196992
2015-02-07,0.28644901500000003,0.281902281620359,0.65216521625,0.2581260449063488,0.061385780200000004,0.11248400073546592
2015-02-08,0.41966591999999997,0.252546114285303,0.5724845514285715,0.24834238289870395,0.007849526714285715,0.006725382828394305
2015-02-09,0.4947970215000001,0.3163104089594643,0.41033220899999995,0.24508123825662623,0.0948707999153846,0.1835589011688079
2015-02-10,0.4308477088571427,0.31440201781064114,0.5191060843571428,0.29715137267115016,0.05004620456607143,0.14615172450719033
2015-02-11,0.4914278509047618,0.35642735162546635,0.43848679380952377,0.32148275799410364,0.0700853173047619,0.1873315264331534
2015-02-12,0.5259333523207548,0.3574903433268121,0.4135908475283019,0.33123895816874055,0.060475798264150935,0.1922993246272316
2015-02-13,0.460972942263158,0.32964355603908246,0.49189592889473677,0.31380985477984685,0.04713114322631578,0.13477802932252914
2015-02-14,0.5638291089655172,0.36746234750003953,0.39971744841379314,0.3401356490384778,0.03645342853448276,0.11153669815255447
2015-02-15,0.48590418470588237,0.285644423049352,0.4966816090000001,0.2775221003189255,0.017414226311764702,0.043194267063724395
2015-02-16,0.3181934495,0.3161536606709878,0.5451770480714284,0.30142452050805973,0.13662949532142857,0.25306094440991056
2015-02-17,0.3541639197352941,0.2976843728143838,0.5920773196764707,0.28488198281073474,0.053758754788235275,0.13325152936693055
2015-02-18,0.5054579816666667,0.3123377428248325,0.46770202416666656,0.28783398694399104,0.026840033022222223,0.05535340202236168
2015-02-19,0.32675698911999995,0.2644258669041657,0.5865706843999999,0.24213076260336028,0.0866723226,0.1766512270163082
2015-02-20,0.35700972449999996,0.3060372562983884,0.516909985,0.2859507940991499,0.12608028300555554,0.2548276733163137
2015-02-21,0.5159480316666667,0.31029004769013285,0.45149132383333335,0.2863380327754818,0.03256066046666667,0.07813880915431898
2015-02-22,0.4085564126249999,0.3986540595085421,0.5161173571875,0.34827603726145145,0.0753262876625,0.10089213590335042
2015-02-23,0.4289144303043477,0.33788336724326845,0.5201946204782607,0.31392472154745377,0.05089092913043479,0.12813927987563695
2015-02-24,0.36851873290625,0.31087465621324817,0.52177609,0.29105101887056134,0.10970516555625,0.23351379861579794
2015-02-25,0.39290694896969686,0.32218184099777997,0.481894083848485,0.2742432037151203,0.12519897224545454,0.23120670712868827
2015-02-26,0.34330494300000003,0.35927855751650506,0.6006290060888888,0.3433645105227645,0.05606605157777778,0.13216980195918035
2015-02-27,0.40309881142857135,0.3331332048283937,0.5268011265714285,0.30906480140671055,0.07010008042499999,0.18393458664536558
2015-02-28,0.38968806107142867,0.2840744886333741,0.5708131988571428,0.26381300017519266,0.03949871689285713,0.08246729530316854
2015-03-01,0.3982562717,0.32388565424220567,0.5550371316,0.2872822846461042,0.04670656733,0.08341870465043748
2015-03-02,0.4181341845757577,0.30816065287533295,0.5640205722727273,0.29878918577095354,0.0178452225030303,0.02099958208669766
2015-03-03,0.3568392578461539,0.336384808091638,0.5359608903846154,0.31102243033490645,0.10719985593076921,0.22050920230732618
2015-03-04,0.38389158696428577,0.35508574426886974,0.5468157530714287,0.3323148268700142,0.06929265097500001,0.17509330190771746
2015-03-05,0.2857434848928571,0.269738712063091,0.6443571180714286,0.2675948229643477,0.06989937018214284,0.16906284790437992
2015-03-06,0.3429803923250001,0.2884460852389644,0.5667525788124999,0.2590980314798597,0.09026702882500001,0.17612572922655906
2015-03-07,0.38617958533333335,0.36748657413371116,0.5246110926666666,0.3151542127753946,0.08920934496666667,0.15475102195900994
2015-03-09,0.5041691616216216,0.37365277637257754,0.4224878219594596,0.33494394889895074,0.07334301640135137,0.1766509204054276
2015-03-10,0.2738652384926471,0.30696466049255927,0.5594284208823529,0.3035998755369903,0.16670632972352947,0.27355995116864673
2015-03-11,0.43418334742105263,0.3618652392814231,0.45452212434210526,0.3197409402535764,0.11129448854736841,0.2358305620818327
2015-03-12,0.3537568290869565,0.3221896936678613,0.5678828167826088,0.3023339257971261,0.07836036393043479,0.17175555688738348
2015-03-13,0.5883652308124999,0.32543960825016494,0.40222859953125006,0.32105949169470144,0.00940616360625,0.011096792936051904
2015-03-14,0.3256595703333333,0.3320058258600261,0.5464486262666668,0.30688345134347156,0.12789178722666666,0.24155989084477142
2015-03-15,0.3005193553333333,0.26515063117079446,0.5844036246666666,0.24200562007113507,0.11507705399333332,0.1913336201362756
2015-03-16,0.39582249672727277,0.325758210668751,0.4882067697272728,0.3015655308070815,0.11597070509545458,0.25795588259532554
2015-03-17,0.25648845800000003,0.22013285367038812,0.612983018388889,0.2159176910929254,0.13052853550555554,0.23055567764716822
2015-03-18,0.3409601925,0.31385195423400797,0.54975393075,0.28541169201602823,0.10928586623214287,0.20199559807470233
2015-03-19,0.38684672605882353,0.291110690770373,0.5184090627352942,0.2489411612736509,0.09474419167941175,0.17935010890989445
2015-03-20,0.37513913745454547,0.340589806702776,0.5554145910909093,0.31464005074292284,0.06944627115151515,0.14815275379777296
2015-03-21,0.28275432454545457,0.32714178178492687,0.637301611848485,0.3456549343173985,0.07994407000909096,0.22657509633309164
2015-03-22,0.4769505930769231,0.3796059576557567,0.46859707492307695,0.33760992465130346,0.05445233056923075,0.10610806928321907
2015-03-23,0.35919734705882356,0.3230910159643946,0.6064778278823529,0.3001693348541316,0.03432476649411765,0.047447158989717915
2015-03-24,0.39580301671428575,0.35193657654224647,0.5422935685714286,0.3338524670114181,0.06190342064761904,0.16465024264943648
2015-03-25,0.4970998361250001,0.2621555122255533,0.47194851300000007,0.24154985993112948,0.030951645721874997,0.11214117319754839
2015-03-26,0.28246509108333334,0.31001141676307564,0.6193733539999999,0.31789956108677114,0.09816151782499999,0.2273757278774562
2015-03-27,0.41635747287499997,0.2944182099921738,0.45222858749999995,0.2696251362271682,0.1314139408,0.26414031942692295
2015-03-28,0.4678014120400001,0.3829186553934023,0.4608452998,0.33417277321128513,0.071353314492,0.12494170003939649
2015-03-29,0.4827485898125,0.38622386109065615,0.46889173893749997,0.3578522113344525,0.04835966383750001,0.13185796893005555
2015-03-30,0.4204260185833334,0.3263396568318127,0.5327157819166666,0.304929058253827,0.04685818766666666,0.12812311310381302
2015-03-31,0.2893842713333333,0.2626595711301265,0.6580755112121212,0.2452491777910697,0.05254020247878788,0.10099664748804779
2015-04-01,0.2828992500227273,0.29910570234133776,0.6681594583409093,0.29343096188751006,0.04894126695227272,0.1307084632810407
2015-04-02,0.2410858423571428,0.2934719356810382,0.7130558042857141,0.290241504721148,0.04585835265952381,0.11570828770444459
2015-04-03,0.22562806924999995,0.28637313243586243,0.7324227265000001,0.29473847042565887,0.0419491853475,0.13780451861869264
2015-04-04,0.12958350349999997,0.1516118387151154,0.8536019335882351,0.1525925363405853,0.016814543008823523,0.010985282693915278
2015-04-05,0.20091171588059697,0.29611785315309147,0.7841369246567162,0.29164050563095967,0.01495137154925373,0.006783431269945963
2015-04-06,0.348989406975,0.3256765691416122,0.5553372592000001,0.2831372663443837,0.09567332571750004,0.15753564366276493
2015-04-07,0.4935694335555556,0.33010596470993636,0.44008109872222223,0.29699549407782433,0.06634945804999998,0.16710685769888003
2015-04-08,0.3250197731428572,0.27371677505868885,0.5899653701904761,0.24160850225568772,0.08501484856190476,0.15341278177868803
2015-04-09,0.4191809875151515,0.310122927966582,0.5171442264696972,0.2783715651138579,0.06367478725151515,0.14841980491427337
2015-04-10,0.27877362865116284,0.2733692688236337,0.5565886987441861,0.2512652002455974,0.16463768276279067,0.2407328370703806
2015-04-11,0.3361628966666667,0.2813065787334518,0.5841716589166667,0.2615614251131135,0.07966548219166666,0.17534201654921677
2015-04-12,0.5111569996153846,0.3716095602594975,0.4791135216153847,0.36365103185833564,0.009729486323076924,0.012183146062131115
2015-04-13,0.4781370514807693,0.2907558782769313,0.46156649800000005,0.2481532757424101,0.06029641965769232,0.1622259204111651
2015-04-14,0.331067398,0.2805008884630949,0.5939255833333333,0.27393689360910356,0.07500702856666669,0.19987322573194863
2015-04-15,0.3163911729166667,0.2668700888186546,0.6187660827083332,0.25803482797124777,0.06484274851249999,0.15599434739282758
2015-04-16,0.36571630053125004,0.31499948804602007,0.5181710606250001,0.31784736090694454,0.11611263215624999,0.28334715370227603
2015-04-17,0.34116980276190473,0.2876745827042302,0.5191454054285715,0.24395112498745303,0.1396847677571429,0.23475731570098196
2015-04-18,0.44778055338461537,0.3316159298191711,0.4909799438461538,0.3052241356592165,0.06123948207692308,0.17727215264688212
2015-04-19,0.43925130535294116,0.29084005346528635,0.5124966876470588,0.2709355831953227,0.048252019247058846,0.15612184380507485
2015-04-20,0.3819031996,0.2894522945718033,0.5760296357500001,0.2715890674377618,0.04206716544999999,0.11867936878218592
2015-04-21,0.33060409219047615,0.29967064678378597,0.5964952333333334,0.28610763188429866,0.07290065513809522,0.1742555132130943
2015-04-22,0.27016839757499994,0.2232300504268327,0.6413306500000002,0.2318133145569219,0.08850093281000002,0.20723866269011187
2015-04-23,0.5090874946153845,0.29589696385472947,0.48451153584615386,0.293603565032423,0.006400948215384615,0.004026585783456669
2015-04-24,0.36073996864705876,0.26118343822159945,0.5379435485882353,0.25725942792223616,0.10131644865294118,0.19918864802211692
2015-04-25,0.21505597657894737,0.1688339810697361,0.7705594631578947,0.16565761661815606,0.014384604205263158,0.014623243823119402
2015-04-26,0.4773156945714285,0.3554179805624533,0.46785622842857144,0.3137214616467454,0.05482812029285715,0.10325130014313076
2015-04-27,0.4680862413650792,0.3306552425282534,0.4802647600825396,0.30317707011329514,0.051648995419841255,0.12680027861603674
2015-04-28,0.42287929713131295,0.3248162828903385,0.4575780204141414,0.26692786450692807,0.11954267002121212,0.2233251632033728
2015-04-29,0.312449584,0.3301164307942501,0.6206489220000001,0.3169874255463857,0.06690147025000001,0.147075010996574
2015-04-30,0.21625386896774193,0.2533963865883118,0.5336326520645162,0.2514495763692799,0.2501134873,0.2952339897906606
2015-05-01,0.27159948158823527,0.28706074322856706,0.6596185602647059,0.28128239539163136,0.06878196254705882,0.14473408831018417
2015-05-02,0.2763619863846154,0.30049395573435705,0.5322732786153848,0.27242135512059695,0.1913646817307692,0.2656153812360509
2015-05-03,0.2937213533333333,0.26566565930796315,0.5916335492916668,0.2301833571305758,0.114645040525,0.18517784620784755
2015-05-04,0.22453753405714288,0.2509482940649692,0.5779677129714287,0.24337731593019815,0.1974947369428571,0.26027327087600494
2015-05-05,0.2682963216451613,0.2826534717200925,0.573073262903226,0.2265137933320429,0.15863040173225806,0.2099396073691101
2015-05-06,0.30021893884615386,0.3375628475659499,0.5658660522692307,0.2935047572251986,0.13391497314615386,0.17734878606863055
2015-05-07,0.34808882146511627,0.3324023404392787,0.5329207480232558,0.2997279447682421,0.11899042815813954,0.22130682805689558
2015-05-08,0.350836173125,0.322791258077368,0.5692928356250001,0.28576717814370134,0.07987100449375,0.14667093521738148
2015-05-09,0.4422130071818182,0.34431474701726245,0.43654354181818184,0.27164173870031433,0.12124344006363637,0.22597557019416384
2015-05-10,0.3302599730769231,0.29228857934764363,0.6305099976923076,0.27202178862999216,0.03922999529230768,0.05018039233950286
2015-05-11,0.3455463759291666,0.2897519700784941,0.59849791625,0.2881762110479095,0.05595567894166666,0.1784216903278329
2015-05-12,0.32931078538461545,0.2917669276030273,0.5720222270384616,0.2700781773973975,0.09866695941923075,0.198229138618754
2015-05-13,0.40657920072727266,0.31695493244430084,0.4856863694545455,0.2803260706840177,0.10773444869545455,0.22626702861367637
2015-05-14,0.27878420532258064,0.3183500353024274,0.5853740859032257,0.289170842691457,0.13584170596129033,0.2107877582282002
2015-05-15,0.2196971497307692,0.23745335691045866,0.639562343653846,0.26721957105283256,0.14074050867307691,0.25148606950522345
2015-05-16,0.39536240699999997,0.34358497363504054,0.5875267110555557,0.33541641089661123,0.017110892644444445,0.01891324050320257
2015-05-17,0.26004208773913046,0.26414228171094506,0.6922275972173911,0.24789742135398785,0.04773031495652175,0.09947897405703306
2015-05-18,0.3560301917857143,0.29526015593804156,0.5818162242857142,0.28345525915297726,0.06215353795,0.17655046697857285
2015-05-19,0.17438784211538458,0.21256302218027295,0.7233740853846155,0.2624695302197706,0.10223805323846154,0.23008949107715168
2015-05-20,0.28355246217647057,0.23416300197605242,0.6408836515882352,0.27188679361253043,0.07556387725882352,0.22390071549785348
2015-05-21,0.3794312220869564,0.3111305152362849,0.5852714707391303,0.299026022627674,0.0352972934826087,0.09143789591508089
2015-05-22,0.30847255186956524,0.3560176565950015,0.5965881173913044,0.3530080408473001,0.09493931565652172,0.20776111761860855
2015-05-23,0.28495249986666665,0.3079595136079353,0.6337387774,0.2810654995252579,0.08130870718666668,0.14177138027743258
2015-05-24,0.34032829699999995,0.3186954490151449,0.5964560027,0.3181322041992891,0.0632156419,0.11762817398629019
2015-05-25,0.19551963307692308,0.22044472346278077,0.7402618353846153,0.22771848033584463,0.06421849887692307,0.14183196517527094
2015-05-26,0.37169730784615385,0.37143364099128906,0.4514380992307692,0.3261184891374474,0.1768645930615384,0.29322268406184654
2015-05-27,0.4981753170740741,0.3371007993844745,0.46634120785185196,0.31438736242584514,0.03548346790370371,0.0743464624421406
2015-05-28,0.39678989976923074,0.29407061174099797,0.5695662238846153,0.27552526824359275,0.033643940076923076,0.08691819528147494
2015-05-29,0.27545867622222225,0.2172032526060385,0.6664079588888889,0.1996909949009747,0.05813339925555557,0.10989529846299692
2015-05-30,0.24519648206666664,0.2699150365048709,0.635790606,0.2703143416916191,0.11901290571333334,0.20919690255609338
2015-05-31,0.3367659865625,0.25409741890232845,0.561058994375,0.252002927508501,0.10217503796875,0.22309716277926572
2015-06-01,0.27493927369565213,0.23188926128596707,0.6548498515217392,0.22762697296389187,0.07021088934347826,0.16473277100602912
2015-06-02,0.24135066300000002,0.17791135084301354,0.656595652,0.16320223954163932,0.1020536804,0.15595931784915806
2015-06-03,0.4122272695833333,0.3635025728205842,0.42728917966666663,0.30490317891581364,0.16048360450000002,0.2843129969813616
2015-06-04,0.48991680675,0.29482890027835645,0.50099167625,0.28973599832848146,0.00909153265,0.00818184358950786
2015-06-06,0.40421800428571425,0.3286001930882057,0.5601556092857143,0.30964296400765573,0.03562637917142857,0.06171227483688268
2015-06-07,0.5002230655555555,0.2825805855803612,0.4903294155555556,0.2768461070073408,0.009447518866666667,0.00683114431239054
2015-06-08,0.36093426594444444,0.286911584640859,0.5648067027499999,0.27574116952976213,0.07425902089444444,0.19288752045678625
2015-06-09,0.2653379683076923,0.24878162371879217,0.615793405897436,0.2681641785267687,0.11886862349230772,0.2523165041943864
2015-06-10,0.3329400256470589,0.3049882355885952,0.5930192910294116,0.2887025015558085,0.0740406895382353,0.16357107256393225
2015-06-11,0.29736967166666667,0.2765981425029269,0.6367134937333334,0.2636109679593566,0.06591682796666667,0.14213139203659558
2015-06-12,0.26830323212903223,0.24102260989705,0.6399754151612904,0.2560326890284961,0.0917213530903226,0.1980448625398557
2015-06-13,0.3586067410769231,0.29442055643895754,0.5371756515384615,0.2658448824661429,0.10421761186923079,0.22743655950642147
2015-06-14,0.19890923095238097,0.20758848080269943,0.7361829906190477,0.235361896868651,0.0649077700047619,0.17746908005274076
2015-06-15,0.2875817894347827,0.3357241643548818,0.5689143814347828,0.31232892143613317,0.14350384747826087,0.23606592274620244
2015-06-16,0.29950233066666665,0.2874500205418351,0.5620791721428571,0.2903314188494937,0.1384184746714286,0.2504101175642765
2015-06-17,0.2996411995238096,0.2527659098184888,0.6252258142857142,0.2411281580500235,0.07513296855714284,0.1679400840279781
2015-06-18,0.3146736459600001,0.2784210860940265,0.6513036272799999,0.2617790712048207,0.034022717364000005,0.07792412717885423
2015-06-19,0.3959651273448275,0.28148066311327175,0.5517521636206896,0.2705320038912218,0.05228268678275862,0.15774889005699902
2015-06-21,0.19342558486666664,0.17955988809141699,0.6646025879999999,0.22030654922337073,0.14197181392666666,0.24703106506336212
2015-06-22,0.12578505750000002,0.041427962508677266,0.8550227475000001,0.047221267572195365,0.019192222850000003,0.007742772613132596
2015-06-24,0.30631290879999995,0.3191994948046585,0.5677135018,0.2938270686270838,0.125973556915,0.2050557372037129
2015-06-25,0.18203248726999996,0.17557517857523788,0.7347014045999998,0.23401177771098486,0.08326612329600001,0.21715957840473865
2015-06-26,0.3752805651428571,0.38363339836648164,0.6125153608571429,0.3773234049498767,0.012204113757142856,0.00922434426433231
2015-06-27,0.32104684066666667,0.27714029545749647,0.66447634,0.27020214972536466,0.014476806866666666,0.010256340289390898
2015-06-28,0.26269787863157895,0.2623727872225052,0.679206017368421,0.2636535154000693,0.058096067184210516,0.14780770539406873
2015-06-29,0.3477584009600001,0.2545273709613237,0.63001205492,0.24571809908799527,0.022229540644,0.05002563011407319
2015-06-30,0.48751727499999997,0.3143595512733457,0.5004268000000001,0.30891796757644124,0.012055851425,0.007298537365750721
2015-07-01,0.2769393990434783,0.2845928054799273,0.6631003573913044,0.27542513429306936,0.05996024267826086,0.14108850336745826
2015-07-02,0.4061784629380953,0.324182541384267,0.4616231752857144,0.31133650993949263,0.1321983664619048,0.30138738128298437
2015-07-03,0.27598043387500004,0.2395939100248137,0.658873201875,0.23641508822323315,0.06514633158125001,0.15146506066938312
2015-07-04,0.15582294639999997,0.07157577517566852,0.809929773,0.05297310004992571,0.034247236699999996,0.03501090680814263
2015-07-05,0.3496497658333333,0.31454233963554956,0.6151831273333334,0.2950358924165362,0.03516704109166666,0.03667045168873484
2015-07-06,0.27717349580645156,0.2424085690883982,0.6939323119354835,0.23090443094981927,0.02889422393548387,0.054666269029052916
2015-07-07,0.21865280175000001,0.1713260872329294,0.7086098799999999,0.17664925802500078,0.07273734425,0.15226308050881013
2015-07-09,0.27783359048484846,0.30564071365327866,0.5021514763333333,0.2994367951504882,0.22001493221818177,0.3117210197560474
2015-07-10,0.29440405762162164,0.2646912586661691,0.6015038530540541,0.24188191347804808,0.10409212325135135,0.17648170273140043
2015-07-11,0.27482870230434775,0.2935481275324852,0.6562277782608695,0.29078461873997496,0.06894353036086956,0.16973859309104752
2015-07-12,0.26372683347058823,0.2399588945836134,0.6997505079411765,0.23217013531406627,0.03652270312941177,0.07232695228125248
2015-07-13,0.3957160038709677,0.30058227148891403,0.5645486204193548,0.28064571317243253,0.0397353609,0.09859997436505807
2015-07-14,0.30148403289473685,0.3209627616227667,0.5780715806315788,0.28066382698209685,0.12044434700000001,0.16753633129752676
2015-07-15,0.2786248268000001,0.24892129268330437,0.6205031501,0.2522499687229594,0.10087202602500003,0.21841660608278052
2015-07-16,0.3261687533636364,0.23580305879263433,0.6443978730303029,0.2295709364678672,0.029433386054545447,0.06475710345493964
2015-07-17,0.24342572320000003,0.21622867756236544,0.6801016005142859,0.24559910145262193,0.07647264166857143,0.19269929270269134
2015-07-18,0.2862420009999999,0.21197597413407918,0.6666878978947368,0.21283231790054422,0.04707008588947368,0.12320858741550379
2015-07-19,0.26179657185714283,0.3092700275863384,0.6030167531428571,0.32491218819252715,0.13518670637142857,0.267911439846749
2015-07-20,0.36116411330952375,0.2935737507733628,0.5980611910238095,0.2885268241214406,0.04077468412619048,0.13128233102557052
2015-07-21,0.33450834745891467,0.32728768785808765,0.4839979549379844,0.3020918686916863,0.18149368902868226,0.2893879378519317
2015-07-22,0.29552869330000014,0.29104660920042097,0.5757258966747968,0.2772880993250422,0.12874544403577234,0.22219032028080926
2015-07-23,0.33702828507272725,0.3318273735768893,0.5636844192181819,0.3066009675181099,0.09928730309636365,0.19220723305227114
2015-07-24,0.26038728137037037,0.3100632175910908,0.5801392792592593,0.30840625171423414,0.15947344138888886,0.2624994760158798
2015-07-25,0.3244060478571428,0.29589705881855927,0.6587274038571429,0.28799145330897347,0.01686656406190476,0.014427009717878412
2015-07-26,0.4392034050000001,0.27173642492001043,0.5515920580000001,0.26915833399829964,0.009204505989999999,0.004387871655846076
2015-07-27,0.16670944829999998,0.13300564185980748,0.6494281325,0.23430730812122408,0.18386238644,0.29438916166434687
2015-07-28,0.3227485792307693,0.21515003395173932,0.6468260923076923,0.21197866957264744,0.03042530594615384,0.02092129761157144
2015-07-29,0.3290743262777778,0.23624727861479014,0.6309266677777777,0.22703189027535794,0.03999898191111112,0.11444838731740489
2015-07-30,0.2908521730294118,0.2134670408927133,0.6153353105882352,0.22778202806142317,0.09381249781764707,0.21814818644885114
2015-07-31,0.35071444583333333,0.1910479855074837,0.6236928858333334,0.19068847074958603,0.025592666600000005,0.021194438241963615
2015-08-01,0.11579971777777777,0.09527565814031103,0.7863876355555555,0.19501420545585327,0.09781264733333334,0.21275045093830888
2015-08-02,0.27758841178571425,0.2852839787462919,0.7083815825,0.2793080245529662,0.014029989385714287,0.006804466762547085
2015-08-03,0.1977241426923077,0.2521707603967969,0.6216278092307693,0.2650851447774993,0.18064804203589746,0.2501633708738498
2015-08-04,0.23885742966666665,0.28344780083112414,0.6298131926666667,0.2773408733270104,0.1313293784,0.21602013196676859
2015-08-05,0.35256203943636355,0.35250714094276625,0.502123685818182,0.2904012330435883,0.14531428178545455,0.20819263452041148
2015-08-06,0.22591963062068968,0.21763502814191768,0.6539252510344827,0.22470600215408823,0.1201550943,0.20775455274673216
2015-08-07,0.25953795388461537,0.2163419287391144,0.6840191107692308,0.21165626129781656,0.05644294797307692,0.13470236619367318
2015-08-08,0.2926002593571429,0.2589171199073072,0.6211826207142858,0.24476113049904621,0.08621707382857144,0.1833215661250929
2015-08-09,0.399957684,0.25013868152523716,0.5859879140000002,0.24093029075651384,0.0140543747,0.01095541106447035
2015-08-10,0.39482050176,0.3550511411591824,0.5018083277599998,0.30628825765915374,0.10337118169599999,0.1717921787526393
2015-08-11,0.28857662857575755,0.2244943442230571,0.595557783030303,0.2478576166748437,0.1158655693969697,0.251353124667764
2015-08-12,0.33903409952000013,0.2769315443931601,0.6049974137399999,0.2690902767548593,0.055968491504000004,0.12983512106233008
2015-08-13,0.255751662675,0.2813451611167975,0.6519295483636366,0.30163379119908956,0.0923187669454546,0.2248787351189821
2015-08-14,0.25717872,0.0,0.7373053400000001,0.0,0.0055159973,0.0
2015-08-16,0.6754070050000001,0.187013135,0.321562925,0.186002815,0.0030299948,0.0010104085000000001
2015-08-17,0.3773373233333333,0.2907387306276899,0.5472222527619047,0.27229342530025535,0.07544040282857142,0.18896460060155817
2015-08-18,0.36967744999999996,0.2726077078201647,0.5928440360000001,0.24516180696829143,0.037478504777777776,0.05061631089814126
2015-08-19,0.39648282184000005,0.29597526617981984,0.5477290155599999,0.27706411882235776,0.055788142924,0.12589268828979583
2015-08-20,0.2659315695,0.2792921583225248,0.5934064658333335,0.2839984425834927,0.14066197249999998,0.25040631625391346
2015-08-21,0.19436986284210522,0.2283746221781612,0.5822071511578947,0.26226122272085894,0.22342299405000002,0.2832765090150863
2015-08-22,0.47840989599999995,0.3628720552557652,0.4580422335714286,0.3269679088149496,0.06354780662857143,0.12294023968904803
2015-08-23,0.2113048117857143,0.17512069061056332,0.6187308321428572,0.23074282109238392,0.1699643709357143,0.2700788563805137
2015-08-24,0.38551227519354836,0.3475999552921655,0.4755485260000001,0.31473232955618097,0.1389391811806452,0.25335685732853286
2015-08-25,0.2835941121956522,0.29815007270874394,0.573719995630435,0.2630062995311052,0.14268586252173915,0.21183078401437455
2015-08-26,0.1872039566727273,0.16679334680291738,0.7576533518181815,0.2001848312025568,0.05514271823636362,0.15945049282821308
2015-08-27,0.2795443717857143,0.25652640221808853,0.6704870056190476,0.24948743863882317,0.04996863004285715,0.11897182087234809
2015-08-28,0.48107359928571425,0.2326295338952524,0.5091616578571428,0.22169450048748507,0.009764681299999998,0.01504105228995882
2015-08-29,0.17844103166666667,0.12763581439086236,0.7315466822222221,0.15304025324422119,0.09001228566666666,0.16441726127315512
2015-08-30,0.18227363392857138,0.15096351616058337,0.6811689371428571,0.14462450011660508,0.13655747971428572,0.18568566022318875
2015-08-31,0.29169700847619046,0.24753908620743997,0.6404888057142857,0.23834706835040131,0.06781419233809524,0.14677808769172873
2015-09-01,0.25325991427906974,0.16820060181333524,0.6717479781395351,0.183029905575863,0.07499207386511636,0.1633426032289332
2015-09-02,0.36389714130769224,0.3245038855939376,0.5460117912307692,0.2966256826782424,0.09009105195384617,0.15655621390217328
2015-09-03,0.6122606366666666,0.2897788002365589,0.35279873666666667,0.2520075465593905,0.03494067866666667,0.04356421956394418
2015-09-04,0.1823728115185185,0.24963914275932408,0.638125529148148,0.2698880443393943,0.17950166668518522,0.23603824834003775
2015-09-05,0.29759215450000004,0.2717838592694447,0.6160012189375,0.2636479640961705,0.08640661594375,0.2006364135483132
2015-09-06,0.4438536971212122,0.28772096383753104,0.5290398103030303,0.2669452752060123,0.027106531542424216,0.08390296791235732
2015-09-07,0.20622905173333334,0.15250543377623696,0.75208753,0.1589965921295027,0.04168337740666666,0.11899617783021324
2015-09-08,0.30698036497674414,0.29058557571654764,0.6281197722093024,0.2760521940605075,0.06489984264651164,0.1308468654989397
2015-09-09,0.39736563509921874,0.3079588363873988,0.5292712420234373,0.291372151650034,0.07336309408749997,0.18687256871055558
2015-09-10,0.4045748040819673,0.2965678037384105,0.515251070590164,0.2789381458533406,0.08017412845737706,0.18866426419708526
2015-09-11,0.43872058985714285,0.37369143660767784,0.532539338904762,0.36104676257136137,0.02874015595714286,0.07311006920603266
2015-09-12,0.36140595864705877,0.344605635581631,0.5858480711764706,0.33488364178964647,0.05274597535882354,0.15027907562691356
2015-09-13,0.36187509364285714,0.32903145563969033,0.5667546530714286,0.30275803781368105,0.07137025189285714,0.1576438760980488
2015-09-14,0.41286785937692316,0.2976870154411599,0.525430653051282,0.27395053528382285,0.061701478158974365,0.16611051587270215
2015-09-15,0.39434569487499993,0.2626323694589714,0.5503991910416666,0.2410120637365677,0.055255094595833325,0.1519653250274437
2015-09-16,0.35896586653333334,0.27323676857432383,0.6116385219999999,0.25220734697288,0.02939563198666667,0.041283035601623226
2015-09-19,0.5205923588888889,0.35163724834004434,0.46756213822222226,0.34208391180903497,0.011845502861111109,0.013401396878771357
2015-09-20,0.31994257708333335,0.3194945149670655,0.5923969914999999,0.2877111800972385,0.08766043681666667,0.16284578770232713
2015-09-21,0.30010691130357137,0.28100034101157784,0.6057496045624999,0.26255995357313794,0.09414346251607143,0.1828469216428232
2015-09-22,0.25811909946153855,0.20640888574640567,0.6076723557692306,0.21882744372143278,0.13420851200961537,0.24455836016521915
2015-09-23,0.25590607802857135,0.22644057471793064,0.6698249117142858,0.20173091587089806,0.07426898792857142,0.13014157114040664
2015-09-24,0.2862067841703704,0.2853431924463211,0.593216803962963,0.2850829424225532,0.1205763832185185,0.21495548378143017
2015-09-25,0.3538709516530611,0.31157236395175025,0.5538511903265306,0.2828432499892199,0.09227786369795919,0.18709992027627834
2015-09-26,0.3377587510714286,0.27446138165235867,0.6338076260714285,0.25509461157052826,0.02843364125,0.03916460136226604
2015-09-27,0.3005177624444444,0.28160814498118664,0.6638955667037036,0.2656958565668374,0.03558666128518519,0.07161077069362232
2015-09-28,0.3164240857962961,0.29962837019761607,0.6370123991111112,0.2873622067042733,0.046563547137037045,0.0949228699883637
2015-09-29,0.26480097993617013,0.2667066775196873,0.6585651985106383,0.26957755448994924,0.0766338303425532,0.1618555309243821
2015-09-30,0.28073864015789474,0.28376154321482455,0.5443983338421055,0.27531869587144614,0.17486300984736844,0.2785534755293809
2015-10-01,0.3016016974,0.29699488789335604,0.5691356541,0.2825079085218614,0.12926264151333336,0.2284147112126328
2015-10-02,0.27617747324999997,0.2778766970970617,0.6448172881785715,0.2749969361259728,0.07900522419642857,0.15626524473770506
2015-10-03,0.32196158742857145,0.28701869109366435,0.6376211721428572,0.27230132518266875,0.040417220100000005,0.07734718105923825
2015-10-04,0.116304744,0.06373887638889492,0.7501376049999999,0.16167100845853283,0.13355763173333332,0.1732059195134208
2015-10-05,0.1954009188545455,0.23762861097987553,0.6664541083636364,0.26923769402473297,0.13814497944090906,0.2390308033677538
2015-10-06,0.259128683147541,0.1774825501791174,0.6858272880327868,0.19275660453005353,0.05504405506229505,0.1617159991914312
2015-10-07,0.16532884127857142,0.11247048853486362,0.7589067126190476,0.1788448691134044,0.07576439114761906,0.1881557422548573
2015-10-08,0.24076258129166675,0.23550063537825333,0.6366016746111111,0.2669757791250137,0.12263570611666667,0.25262577506989126
2015-10-09,0.36995278054166675,0.23273889001618844,0.5673961072916666,0.22040112006408863,0.06265110857916666,0.15602554062994367
2015-10-10,0.2563454898461539,0.30389770266689886,0.7355501433076925,0.3018725471211453,0.008104257584615386,0.012884786536005029
2015-10-11,0.649202628347826,0.38557592155659093,0.32085892852173914,0.3550258612571727,0.029938465273913032,0.08178898516106933
2015-10-12,0.37623099873913046,0.3515144999394992,0.573577136521739,0.3243814413303038,0.050191881908695654,0.11515040974749145
2015-10-13,0.42161615454838713,0.30795495909920395,0.5568871935483872,0.29653994789416177,0.021496639590322577,0.05185847408545741
2015-10-14,0.3509288344038462,0.3535129337883249,0.5594164599615385,0.3395022510932718,0.0896547162230769,0.2110959568421917
2015-10-15,0.25961474337142854,0.25707639945947264,0.647923616942857,0.27305490256630727,0.09246164854857145,0.21731221368147371
2015-10-16,0.26116575014285714,0.26977212477277546,0.6230000273333334,0.2675382768463152,0.1158342139714286,0.22175937461554512
2015-10-17,0.4554211175,0.360363555966618,0.48658657750000006,0.3256530634561275,0.05799231030833334,0.14736510388002277
2015-10-18,0.3711143432941176,0.31795019965325677,0.5713001905882352,0.28211189136917914,0.057585464535294124,0.10212649245289242
2015-10-19,0.2979358382727273,0.27585334834077474,0.5634009077272727,0.24941408232192128,0.13866325849090913,0.21576942694356557
2015-10-20,0.3079173014736841,0.3575051770093772,0.5934826111754383,0.3336991378944124,0.09860004412280701,0.18955709332611992
2015-10-21,0.35872069440740734,0.29537928797312507,0.5822225065555555,0.2633361490426021,0.05905681036666667,0.12675525790541997
2015-10-22,0.3290464587083333,0.2921768466167493,0.5631184562916668,0.2733831135670503,0.10783510562083336,0.21914494008167407
2015-10-23,0.40373035942857144,0.3510993090053574,0.5077438853928571,0.3132233905403984,0.08852577599285713,0.15689183878560684
2015-10-24,0.38327365633333327,0.2742394709014453,0.5474692820833332,0.23558641834349486,0.06925708364999998,0.15100111036164607
2015-10-25,0.2916802772727273,0.3003568585176752,0.6242642200000001,0.3099456828568533,0.08405547350909091,0.21297752322927052
2015-10-26,0.3278210476976744,0.3046637904082256,0.564997453,0.27182240398633295,0.10718152886046513,0.19446784045405777
2015-10-27,0.3008540308072287,0.2889977586089933,0.580478177072289,0.2495754881523686,0.11866776637831318,0.18633083601926992
2015-10-28,0.30785370899999986,0.29959208078108013,0.6299349686315789,0.2922771209105503,0.062211329493684187,0.15444413542071841
2015-10-29,0.3691101326976745,0.29793006002652367,0.5957055834418604,0.28045624147302106,0.035184275148837214,0.08086349201221771
2015-10-30,0.4652689737790699,0.318166703159913,0.5182535703255814,0.3088064991425187,0.01647747286860465,0.05958817593046724
2015-10-31,0.4129677400357142,0.3733689731857849,0.5519108916785712,0.36076869391385996,0.03512135174285714,0.10846842287425348
2015-11-01,0.23902858000000002,0.16604308960331063,0.7413043566666667,0.1681239752694931,0.019667051444444448,0.015266284430979589
2015-11-02,0.41031136714285715,0.284603840610738,0.5530494266666668,0.25761581904655345,0.03663919056190476,0.06630697478029493
2015-11-03,0.30379367704000004,0.277040662247412,0.6151823719999999,0.2710914564054654,0.08102395291199999,0.18139312048753556
2015-11-04,0.36651330399999993,0.2640646618522038,0.5762867188,0.2457434719635117,0.057199964779999994,0.12883923284218493
2015-11-05,0.38161079375,0.24084245530761925,0.5983221384375,0.23204466550799943,0.020067065274999997,0.043911560263613654
2015-11-06,0.2783447589090909,0.21155756600963752,0.6822419631818182,0.21085017303846632,0.03941325969999999,0.08294630566417964
2015-11-07,0.2501621531666667,0.27982374395623755,0.5518667708333334,0.2574312946280219,0.19797109377499997,0.2680552981502178
2015-11-08,0.4342027097894736,0.27862248718847443,0.5562343331578948,0.27333396125755943,0.009562951189473683,0.009188901692058118
2015-11-09,0.38830929941666664,0.3043802853013546,0.5198534942499999,0.2699496776015672,0.09183719929166667,0.18286636594638903
2015-11-10,0.2609019665769231,0.25407860505163127,0.6588221023076924,0.23434081270727009,0.08027594385,0.15143991215520483
2015-11-11,0.22148556958333337,0.22665870285125678,0.6426084718333331,0.2604605369069164,0.13590596565000002,0.24530584695151023
2015-11-12,0.22544320464062498,0.23111920055352006,0.6671721578749998,0.22701188893285115,0.10738459631562498,0.18989161586252404
2015-11-13,0.2597250551034483,0.27001494165960227,0.5253652710689655,0.2701781499680643,0.21490965416206897,0.29110206568007874
2015-11-14,0.4339533433333333,0.33492903369116367,0.5457224433333333,0.3309798498538197,0.020324186855555555,0.02042345137869488
2015-11-15,0.3572944026666667,0.18775665561212246,0.6332582533333334,0.18483182909396592,0.009447324966666665,0.00564442795621156
2015-11-16,0.27328786571428576,0.2767406708301024,0.6635428769428574,0.2771687249413843,0.06316924836285713,0.16285523939446092
2015-11-17,0.4182616566285715,0.3604805586840384,0.5237802218285715,0.3326995086600311,0.057958110511428566,0.14688195672937002
2015-11-18,0.41409047992307685,0.3310044094982311,0.5242778117884614,0.3176367903634918,0.06163168117307692,0.18529174695445547
2015-11-19,0.27221606444827584,0.2339060943627477,0.6744701136206899,0.23232858879960339,0.05331380123793103,0.13358034387292725
2015-11-20,0.5614845310740743,0.3262586616713637,0.3861196670370372,0.2849794885090501,0.05239580064197529,0.15402703127522413
2015-11-21,0.26153457075,0.1789667086690015,0.6414714137499999,0.20127563997474923,0.0969939640375,0.22655963913181543
2015-11-22,0.19578526257142856,0.19673899770686154,0.7099944885714287,0.18297915931623301,0.0942202191,0.1315140963052391
2015-11-23,0.31746140154285707,0.23549472640669605,0.6209719005714287,0.2176726517634954,0.06156669143714285,0.15175048896287185
2015-11-24,0.26066111008333337,0.23144775604885445,0.6535250615,0.2151332348202752,0.0858138167,0.1442731633490749
2015-11-25,0.3299107073125,0.2561484143879512,0.5946637691250001,0.2499900579161883,0.07542554268124999,0.19214435129391863
2015-11-26,0.26302256909090904,0.26219098080367964,0.71836847,0.25319178571364725,0.018608938699999997,0.03080220601059078
2015-11-28,0.31185305936363633,0.323578502685617,0.6294675227272727,0.31003633567971794,0.058679366363636375,0.12235152755273475
2015-11-29,0.3954240259473685,0.3176616620537582,0.528110796736842,0.2810103246579053,0.0764651696,0.15998013498332023
2015-11-30,0.27776239233333333,0.29531051692871063,0.5722040633333333,0.23722896583806488,0.15003358436666667,0.2055521046774076
2015-12-01,0.329913448173913,0.28806053917699276,0.6062180976086957,0.26394454747959595,0.06386845188260869,0.1238166965493109
2015-12-02,0.24777304882142856,0.26337513107852295,0.6906446707142857,0.25340976090844286,0.061582296553571426,0.10877585352760047
2015-12-03,0.35286479422727274,0.3126324095580323,0.5868768077272727,0.289739449875504,0.06025840587727272,0.12516868781126825
2015-12-04,0.2944959078181819,0.28073500252555067,0.6542446276363638,0.27403106021840257,0.05125945124545454,0.1382360181413223
2015-12-05,0.4379650358181818,0.3337221251224665,0.5488831642727273,0.32649699422773626,0.013151808572727271,0.017902600103221457
2015-12-06,0.4805050957142858,0.33836552505075157,0.5075390319523809,0.32981351440212897,0.011955859038095236,0.014575135867901712
2015-12-07,0.22261088214285715,0.31407117060253337,0.542729327,0.32318965532127275,0.23465976432857147,0.3043652367372904
2015-12-08,0.22617877374999998,0.13382677676121363,0.744164101875,0.14958541189662547,0.029657100962500002,0.04832629160674231
2015-12-09,0.33323134800000004,0.2959401638057607,0.5516929022,0.24846889529680422,0.11507573104800001,0.17467835397694179
2015-12-10,0.37952708966923077,0.34959739152907293,0.5230881644230767,0.32864347569513847,0.09738473689615386,0.2290317070126428
2015-12-11,0.3181460474545455,0.2765985768580248,0.5776412203333334,0.26565159949897904,0.10421271636969699,0.22296029422684696
2015-12-12,0.36511036180000006,0.31510730388478886,0.6001477133333334,0.29680170030024394,0.0347419086,0.08683925375435812
2015-12-13,0.28337462993750007,0.29249752714667965,0.6650927000000001,0.2763397226388906,0.05153270091249999,0.11425924294855612
2015-12-14,0.27952591469999993,0.27288587064070546,0.6615906904999999,0.26300543623099487,0.05888337641999999,0.1316861785636364
2015-12-15,0.3658627778823529,0.29120849175138536,0.6223598594117646,0.28591305518683524,0.011777360594117646,0.010565571025726922
2015-12-17,0.22954250399999998,0.20627529599999997,0.509713075,0.04774882499999997,0.260744396,0.25402400399999997
2015-12-19,0.16230627928571426,0.1347023637161001,0.8162765071428572,0.12445870984218715,0.021417249614285715,0.02899540124779251
2015-12-20,0.21035323250000001,0.09129248421016004,0.7756013749999999,0.09090183130049896,0.0140453339125,0.0066809046245766114
2015-12-21,0.35652488033333335,0.31460355785548855,0.5824469261212123,0.3060356657331312,0.061028192778787876,0.16443727518033485
2015-12-22,0.2012603676923077,0.21124486399318387,0.7385698693333335,0.23300767019720922,0.06016979431025641,0.166184480410947
2015-12-23,0.3414180272903226,0.30917597952381104,0.5551969877419356,0.30406610956525937,0.10338495022903228,0.2376476934565627
2015-12-24,0.34337627533333337,0.3489146086714076,0.5488864782777778,0.32735505122608227,0.10773725227777778,0.2128705481294314
2015-12-25,0.6411304233333334,0.19415196136921942,0.3535205188888889,0.19214723204284997,0.005349052622222222,0.003818603462279177
2015-12-26,0.33918616869333335,0.29125341870533455,0.5652978766666666,0.29430408676016984,0.09551598201333333,0.23320041691686905
2015-12-27,0.5258307966666667,0.2716971500323309,0.46249707533333334,0.26868625070044655,0.011672108874999998,0.017327962886035955
2015-12-28,0.25605411929629623,0.25719873168339535,0.7043783233333334,0.2553122145905093,0.03956754766666667,0.11729193276303103
2015-12-29,0.39322368464,0.287428412082983,0.5698891339999999,0.2755136023049161,0.036887198456,0.09029911710687438
2015-12-30,0.27683363338709677,0.2573045434788542,0.6492665814516129,0.2565928375855687,0.07389976360645163,0.17837024830074358
2015-12-31,0.354345725,0.3230294093421389,0.55623008268,0.29556086753046806,0.08942421940799995,0.18999838761583815
2016-01-01,0.1921719136153846,0.15156013721101114,0.7322866123076922,0.17873903820499523,0.07554144648461537,0.16460129311575164
2016-01-02,0.2560525597368421,0.28615902983933017,0.6185614909473685,0.2965360113659042,0.1253859411842105,0.23386797218169972
2016-01-03,0.3578282871764705,0.3108531208520882,0.5691451691764706,0.29956521505062067,0.07302653702941177,0.1850509591244521
2016-01-04,0.2763203877666667,0.26379123018584405,0.6191905563333333,0.2489493428116807,0.10448904456333334,0.18385998485796487
2016-01-05,0.44092730066666663,0.3580882577445059,0.4485426255555556,0.29806272091491776,0.11053008632222223,0.2036949903250597
2016-01-06,0.2786625082903226,0.28406062902449314,0.528201620451613,0.2398649750103909,0.19313587145161293,0.24615259472756343
2016-01-07,0.3627757434999999,0.31935737236763534,0.5531178746190478,0.29423053839027447,0.08410638888571426,0.17728734443591956
2016-01-08,0.3775984323013698,0.3790418662643511,0.48674425169863,0.3201201203827085,0.13565729815205477,0.21719945180527758
2016-01-09,0.34677497058333334,0.31886748585864494,0.53768495725,0.2766148080496871,0.115540052675,0.20729984514388372
2016-01-10,0.3618302026666667,0.29002122804922653,0.5046096000000001,0.2259732011479504,0.13356021379166666,0.1840848564891055
2016-01-11,0.13779929146874997,0.14106020313290904,0.5741069365624998,0.22840482856314182,0.288093790790625,0.3111095361098269
2016-01-12,0.3585524784285714,0.310280400518886,0.557554582142857,0.2759497495956227,0.08389294084285713,0.169989676684268
2016-01-13,0.16955941386956522,0.14412887877773684,0.6630947265217392,0.2125223108808735,0.16734585491304352,0.25076269222723535
2016-01-14,0.15198073133333334,0.17671486145203105,0.6123459993333334,0.20456056029258,0.23567331040000009,0.2360461975055954
2016-01-15,0.29339693975,0.23192734357148173,0.6064004752083332,0.23493356890176859,0.10020258577083334,0.2128694804133067
2016-01-16,0.21425301819999998,0.27247161596345165,0.5891015694,0.2625567449392058,0.19664540525000002,0.252842253139921
2016-01-17,0.17562809,0.10337419601209376,0.7732169345454545,0.07662097544028687,0.05115500683636365,0.07001267700920066
2016-01-18,0.3795060016874999,0.28506811221013106,0.5790693299999999,0.2661842093233717,0.04142467477500001,0.11233946597769355
2016-01-19,0.19446371781818178,0.15479677341470752,0.6809229418181817,0.1550864637288942,0.12461328679090906,0.16939115462575868
2016-01-20,0.1943073397,0.1705239041652661,0.6560785236999999,0.23779934687494067,0.14961411269333333,0.2637777701197396
2016-01-21,0.1900076399183674,0.2616763371723131,0.7766295083061223,0.260105879619315,0.03336279896326532,0.08334280446781599
2016-01-22,0.3732435595641026,0.2684631298380396,0.5847008508717949,0.259452846607989,0.04205557936153846,0.11991916245227967
2016-01-23,0.4208258030769231,0.24972633521704943,0.5390822315384616,0.21796315939899,0.04009195826153847,0.08335504492990452
2016-01-24,0.33319136944444444,0.2650755903857519,0.6479343922222222,0.25279809332232656,0.018874230866666668,0.025280801164737417
2016-01-25,0.30377276915151513,0.2867238975632412,0.5920823457575759,0.2751084860187941,0.10414489892727276,0.2002877331097481
2016-01-26,0.375071052,0.22448438148647587,0.610201012,0.22198800505847024,0.01472786502,0.008133171404391643
2016-01-27,0.2887866873797469,0.3101912700455497,0.527171874949367,0.2953485615034926,0.18404142403417714,0.2774756656845762
2016-01-28,0.3456058083214285,0.254681774268725,0.5999557066785718,0.2502050327461345,0.05443846990535717,0.16386479812713567
2016-01-29,0.42022317859999986,0.29619266342503414,0.5398920694499999,0.27293509720618486,0.03988475145,0.10793088728217524
2016-01-30,0.45285092717391306,0.32066632959257624,0.48213908760869556,0.28753472673358565,0.06500996757391306,0.16518466779424973
2016-01-31,0.3421345226666667,0.23318499376829946,0.6406824061333334,0.23165654237717778,0.01718305951333333,0.013746061756053553
2016-02-01,0.6300131005555556,0.31799373249085194,0.3432158891666666,0.28910128525157,0.026770988244444432,0.0543359370710037
2016-02-02,0.46903165454545465,0.3453322411272467,0.42796642122727274,0.2995352957104149,0.10300190761363637,0.23433580881963847
2016-02-03,0.2871882418846154,0.23981033293326653,0.5916314457692307,0.2643066894501413,0.1211803180576923,0.26108218176986003
2016-02-04,0.44794304175675653,0.2550648542141051,0.4879627570270271,0.2162437345483495,0.06409421733243245,0.15120071116102415
2016-02-05,0.22303598386486484,0.2645204364047687,0.6969027154054053,0.2754785668992289,0.0800612921972973,0.17358841697283076
2016-02-06,0.37254737374999997,0.2776613961220523,0.57600365,0.24469408084823044,0.05144898566250001,0.11136847127792429
2016-02-07,0.15820384249999997,0.1038025584120796,0.7732144850000001,0.11214914188341876,0.06858167125,0.12889566196923313
2016-02-08,0.13877424661111115,0.12237252585550405,0.7582245727777779,0.15760049448094848,0.1030011639111111,0.1669159168337341
2016-02-09,0.3835471967333334,0.29554254475913416,0.5496708341666668,0.2697158201817587,0.06678197897666666,0.13372976876633885
2016-02-10,0.2078624784761905,0.20449936441794728,0.7220278480952379,0.222647297950568,0.0701096707047619,0.17205284412058927
2016-02-11,0.33154457694444445,0.2965422839319973,0.567134048888889,0.27086507558926254,0.10132137014444445,0.19766165630420668
2016-02-12,0.2278100073142856,0.2105806790905896,0.6512341757142858,0.2179599317756276,0.12095578846285712,0.2123988492830294
2016-02-13,0.30781003811764707,0.24028285676058214,0.6856689861176472,0.23853543508005493,0.006520987447058824,0.0034690410777556513
2016-02-14,0.4375696145454546,0.3051603541023264,0.5444736454545455,0.2939716957267211,0.01795677752727273,0.02442709811083032
2016-02-15,0.30919290374999997,0.26226936075322377,0.58190993775,0.251919458304225,0.10889711845500001,0.21690613939645334
2016-02-16,0.2934236830689656,0.2669360852618255,0.641490174689655,0.2564198631142024,0.06508615246206897,0.0846122457139288
2016-02-17,0.19603846326829263,0.1899713866834869,0.670455981707317,0.20469151332232172,0.13350554675609758,0.18893268908619645
2016-02-18,0.1643565098794872,0.17292759736379615,0.6555598471794871,0.22759232028188195,0.18008363523076923,0.2539464248186604
2016-02-19,0.1900454852580645,0.24999000039828945,0.6338356087741935,0.264210588680601,0.17611891882903222,0.24747356441549986
2016-02-20,0.28939903641176473,0.3420426479154196,0.5849217660588235,0.31465128223092437,0.12567915605882352,0.21153447257557265
2016-02-21,0.3181989899166667,0.31212153615653726,0.6689914945833334,0.3058836297168331,0.012809506716666667,0.008601934057383
2016-02-22,0.22723925972413792,0.27923994433207605,0.6276648206896552,0.27035486912878537,0.14509590023103444,0.22524213497101228
2016-02-23,0.12684803662500002,0.17651352883082985,0.763224858125,0.2349298314901511,0.10992708193125,0.21184253345501194
2016-02-24,0.25625471704761915,0.28865419877079795,0.665466944809524,0.27558749264821103,0.07827832789047623,0.14361255176933507
2016-02-25,0.21886405439344264,0.1932369088289996,0.6872253275081968,0.19995930997174213,0.09391061940983601,0.17588661470605416
2016-02-26,0.23258424580952364,0.13550716343527552,0.7046555498928567,0.14943478353834025,0.06276021393095232,0.1374455394393882
2016-02-27,0.2687949903469388,0.10789166740491707,0.7070394273469391,0.10326033492364758,0.024165568402040816,0.008213882133447752
2016-02-28,0.23987782885714287,0.21013056532683427,0.7041163333333332,0.20431764743643863,0.05600582582857143,0.12172036029313212
2016-03-01,0.2709032413877552,0.304182920036598,0.6325199859591836,0.2714991918171308,0.09657678502857141,0.157577593714768
2016-03-02,0.20187729168421048,0.23591931125250898,0.6325509217368422,0.22015709748804968,0.16557179121842103,0.20734628137189184
2016-03-03,0.3848717353103449,0.3074251887236863,0.5524390758620691,0.27122545085325905,0.06268916927931033,0.12150576107992203
2016-03-04,0.27854929653333327,0.25350756818038495,0.6586706968888889,0.2458099633083605,0.06278000587555556,0.14404756229552726
2016-03-05,0.1463202742,0.21402712668167795,0.7829607553333332,0.19590055550586177,0.07071897630666667,0.08314340001883175
2016-03-06,0.36663770861538464,0.22831454812943033,0.6207845738461538,0.21979039734386724,0.012577731546153851,0.016878079209401993
2016-03-07,0.20205338389285712,0.2723938622549075,0.5309767017142858,0.24099334643932696,0.26696992831071426,0.2741476937464338
2016-03-08,0.24429562880555558,0.268793052945396,0.6756264672222223,0.26281683475177964,0.08007787133888886,0.1547245946930623
2016-03-09,0.3948976175000001,0.21906133627678787,0.5923135702500002,0.21194691016676473,0.012788822858333335,0.017864063881017786
2016-03-10,0.4485481982068966,0.3771167425105745,0.4569231432068964,0.3077135785167562,0.09452862132068965,0.14967430341564517
2016-03-11,0.08585037494736843,0.0740815933950012,0.8256349836842104,0.06630636551054572,0.08851465799999998,0.078846120265976
2016-03-12,0.09816164866666666,0.05617446768666316,0.71098659,0.19649264962317597,0.19085183233333336,0.246999802289997
2016-03-15,0.419675336368421,0.3645650642935541,0.5215007660526316,0.3576749811363265,0.0588239005578947,0.19179807872674512
2016-03-16,0.41760936147368427,0.3461021198569537,0.4785574952631578,0.2936335199643451,0.10383313900000002,0.1994266306907819
2016-03-17,0.3023886297741936,0.2737401291596542,0.6078794151612903,0.22940804456418784,0.08973197570645162,0.13492101677775506
2016-03-18,0.246962403372093,0.2322557148825953,0.7071069622093024,0.22970025832773536,0.0459306305232558,0.12395396690223325
2016-03-19,0.2559196388571429,0.2769217417018377,0.7359155471428572,0.27528976205276207,0.008164823378571431,0.005552574957915268
2016-03-20,0.17729132425000002,0.15115693210461828,0.7981316408333333,0.13614877124810995,0.02457705768333333,0.031265682321327704
2016-03-21,0.3192272783437501,0.25613021964106597,0.5935745843359377,0.25216075819489797,0.0871981363265625,0.20503530074378887
2016-03-22,0.23870195919444434,0.227505963716979,0.6474206450000001,0.21110631350125042,0.11387739692777779,0.18166696490686876
2016-03-23,0.4283471953333333,0.3420116241114726,0.4977213211333333,0.3086238722759607,0.07393150190666667,0.17823635057192289
2016-03-24,0.23715892074999997,0.26152828071831463,0.6227420270714285,0.21326995837719598,0.14009906737142858,0.16673161762786903
2016-03-25,0.2790648174545454,0.2143925145827285,0.6773977972727272,0.18804861431930595,0.04353743858181818,0.05713780889835336
2016-03-26,0.5703403467999999,0.3836000067233896,0.319203659,0.2720133253290272,0.11045595702000002,0.2102843439378748
2016-03-27,0.4345865132727273,0.27520836180836605,0.5193672500000001,0.23376560996806595,0.04604621533636364,0.0879817133707769
2016-03-28,0.518490788388889,0.33869579716978915,0.4211367086666667,0.28944934011208634,0.060372466238888894,0.1466059758619208
2016-03-29,0.21612942519642855,0.23132660366840216,0.6449397392857144,0.1981662710124745,0.13893082239642857,0.17687990008697507
2016-03-30,0.35083010013636357,0.2842480925358926,0.5640269312727272,0.2671269810559427,0.08514293105454546,0.20186526937542995
2016-03-31,0.3665848243913043,0.3294288190241814,0.570654126173913,0.2896686464313054,0.06276102935217391,0.10909185023259721
