Date,date,Diff
2016-12-30,20161230,
2017-01-03,20170103,
2017-01-04,20170104,1.0
2017-01-05,20170105,1.0
2017-01-06,20170106,-1.0
2017-01-09,20170109,1.0
2017-01-10,20170110,1.0
2017-01-11,20170111,-1.0
2017-01-12,20170112,-1.0
2017-01-13,20170113,1.0
2017-01-17,20170117,1.0
2017-01-18,20170118,-1.0
2017-01-19,20170119,1.0
2017-01-20,20170120,1.0
2017-01-23,20170123,1.0
2017-01-24,20170124,1.0
2017-01-25,20170125,1.0
2017-01-26,20170126,-1.0
2017-01-27,20170127,-1.0
2017-01-30,20170130,1.0
2017-01-31,20170131,-1.0
2017-02-01,20170201,1.0
2017-02-02,20170202,-1.0
2017-02-03,20170203,1.0
2017-02-06,20170206,-1.0
2017-02-07,20170207,1.0
2017-02-08,20170208,-1.0
2017-02-09,20170209,1.0
2017-02-10,20170210,1.0
2017-02-13,20170213,1.0
2017-02-14,20170214,1.0
2017-02-15,20170215,-1.0
2017-02-16,20170216,-1.0
2017-02-17,20170217,-1.0
2017-02-21,20170221,1.0
2017-02-22,20170222,1.0
2017-02-23,20170223,-1.0
2017-02-24,20170224,-1.0
2017-02-27,20170227,-1.0
2017-02-28,20170228,-1.0
2017-03-01,20170301,1.0
2017-03-02,20170302,-1.0
2017-03-03,20170303,1.0
2017-03-06,20170306,-1.0
2017-03-07,20170307,1.0
2017-03-08,20170308,-1.0
2017-03-09,20170309,-1.0
2017-03-10,20170310,-1.0
2017-03-13,20170313,-1.0
2017-03-14,20170314,1.0
2017-03-15,20170315,1.0
2017-03-16,20170316,1.0
2017-03-17,20170317,1.0
2017-03-20,20170320,-1.0
2017-03-21,20170321,1.0
2017-03-22,20170322,-1.0
2017-03-23,20170323,1.0
2017-03-24,20170324,1.0
2017-03-27,20170327,1.0
2017-03-28,20170328,1.0
2017-03-29,20170329,1.0
2017-03-30,20170330,1.0
2017-03-31,20170331,1.0
2017-04-03,20170403,1.0
2017-04-04,20170404,1.0
2017-04-05,20170405,1.0
2017-04-06,20170406,-1.0
2017-04-07,20170407,1.0
2017-04-10,20170410,1.0
2017-04-11,20170411,1.0
2017-04-12,20170412,-1.0
2017-04-13,20170413,-1.0
2017-04-17,20170417,1.0
2017-04-18,20170418,-1.0
2017-04-19,20170419,1.0
2017-04-20,20170420,1.0
2017-04-21,20170421,-1.0
2017-04-24,20170424,1.0
2017-04-25,20170425,1.0
2017-04-26,20170426,1.0
2017-04-27,20170427,-1.0
2017-04-28,20170428,-1.0
2017-05-01,20170501,1.0
2017-05-02,20170502,1.0
2017-05-03,20170503,-1.0
2017-05-04,20170504,-1.0
2017-05-05,20170505,-1.0
2017-05-08,20170508,1.0
2017-05-09,20170509,1.0
2017-05-10,20170510,1.0
2017-05-11,20170511,1.0
2017-05-12,20170512,1.0
2017-05-15,20170515,-1.0
2017-05-16,20170516,-1.0
2017-05-17,20170517,-1.0
2017-05-18,20170518,-1.0
2017-05-19,20170519,1.0
2017-05-22,20170522,-1.0
2017-05-23,20170523,-1.0
2017-05-24,20170524,-1.0
2017-05-25,20170525,1.0
2017-05-26,20170526,1.0
2017-05-30,20170530,1.0
2017-05-31,20170531,1.0
2017-06-01,20170601,1.0
2017-06-02,20170602,-1.0
2017-06-05,20170605,-1.0
2017-06-06,20170606,1.0
2017-06-07,20170607,1.0
2017-06-08,20170608,1.0
2017-06-09,20170609,1.0
2017-06-12,20170612,-1.0
2017-06-13,20170613,1.0
2017-06-14,20170614,1.0
2017-06-15,20170615,-1.0
2017-06-16,20170616,-1.0
2017-06-19,20170619,-1.0
2017-06-20,20170620,1.0
2017-06-21,20170621,1.0
2017-06-22,20170622,1.0
2017-06-23,20170623,1.0
2017-06-26,20170626,1.0
2017-06-27,20170627,-1.0
2017-06-28,20170628,-1.0
2017-06-29,20170629,1.0
2017-06-30,20170630,-1.0
2017-07-03,20170703,1.0
2017-07-05,20170705,-1.0
2017-07-06,20170706,-1.0
2017-07-07,20170707,-1.0
2017-07-10,20170710,1.0
2017-07-11,20170711,1.0
2017-07-12,20170712,1.0
2017-07-13,20170713,1.0
2017-07-14,20170714,-1.0
2017-07-17,20170717,1.0
2017-07-18,20170718,-1.0
2017-07-19,20170719,1.0
2017-07-20,20170720,-1.0
2017-07-21,20170721,1.0
2017-07-24,20170724,1.0
2017-07-25,20170725,1.0
2017-07-26,20170726,-1.0
2017-07-27,20170727,1.0
2017-07-28,20170728,-1.0
2017-07-31,20170731,1.0
2017-08-01,20170801,-1.0
2017-08-02,20170802,-1.0
2017-08-03,20170803,1.0
2017-08-04,20170804,1.0
2017-08-07,20170807,1.0
2017-08-08,20170808,1.0
2017-08-09,20170809,1.0
2017-08-10,20170810,-1.0
2017-08-11,20170811,-1.0
2017-08-14,20170814,1.0
2017-08-15,20170815,1.0
2017-08-16,20170816,-1.0
2017-08-17,20170817,-1.0
2017-08-18,20170818,-1.0
2017-08-21,20170821,-1.0
2017-08-22,20170822,-1.0
2017-08-23,20170823,1.0
2017-08-24,20170824,1.0
2017-08-25,20170825,1.0
2017-08-28,20170828,-1.0
2017-08-29,20170829,-1.0
2017-08-30,20170830,1.0
2017-08-31,20170831,1.0
2017-09-01,20170901,1.0
2017-09-05,20170905,-1.0
2017-09-06,20170906,-1.0
2017-09-07,20170907,-1.0
2017-09-08,20170908,1.0
2017-09-11,20170911,1.0
2017-09-12,20170912,1.0
2017-09-13,20170913,1.0
2017-09-14,20170914,1.0
2017-09-15,20170915,1.0
2017-09-18,20170918,1.0
2017-09-19,20170919,1.0
2017-09-20,20170920,-1.0
2017-09-21,20170921,-1.0
2017-09-22,20170922,-1.0
2017-09-25,20170925,-1.0
2017-09-26,20170926,-1.0
2017-09-27,20170927,1.0
2017-09-28,20170928,-1.0
2017-09-29,20170929,1.0
2017-10-02,20171002,1.0
2017-10-03,20171003,-1.0
2017-10-04,20171004,1.0
2017-10-05,20171005,1.0
2017-10-06,20171006,-1.0
2017-10-09,20171009,-1.0
2017-10-10,20171010,-1.0
2017-10-11,20171011,1.0
2017-10-12,20171012,-1.0
2017-10-13,20171013,1.0
2017-10-16,20171016,-1.0
2017-10-17,20171017,-1.0
2017-10-18,20171018,1.0
2017-10-19,20171019,-1.0
2017-10-20,20171020,-1.0
2017-10-23,20171023,-1.0
2017-10-24,20171024,-1.0
2017-10-25,20171025,-1.0
2017-10-26,20171026,-1.0
2017-10-27,20171027,-1.0
2017-10-30,20171030,-1.0
2017-10-31,20171031,-1.0
2017-11-01,20171101,1.0
2017-11-02,20171102,-1.0
2017-11-03,20171103,-1.0
2017-11-06,20171106,1.0
2017-11-07,20171107,-1.0
2017-11-08,20171108,1.0
2017-11-09,20171109,-1.0
2017-11-10,20171110,-1.0
2017-11-13,20171113,-1.0
2017-11-14,20171114,1.0
2017-11-15,20171115,-1.0
2017-11-16,20171116,1.0
2017-11-17,20171117,1.0
2017-11-20,20171120,1.0
2017-11-21,20171121,-1.0
2017-11-22,20171122,1.0
2017-11-24,20171124,-1.0
2017-11-27,20171127,1.0
2017-11-28,20171128,1.0
2017-11-29,20171129,1.0
2017-11-30,20171130,-1.0
2017-12-01,20171201,-1.0
2017-12-04,20171204,-1.0
2017-12-05,20171205,-1.0
2017-12-06,20171206,-1.0
2017-12-07,20171207,1.0
2017-12-08,20171208,1.0
2017-12-11,20171211,1.0
2017-12-12,20171212,1.0
2017-12-13,20171213,1.0
2017-12-14,20171214,-1.0
2017-12-15,20171215,1.0
2017-12-18,20171218,1.0
2017-12-19,20171219,-1.0
2017-12-20,20171220,-1.0
2017-12-21,20171221,-1.0
2017-12-22,20171222,1.0
2017-12-26,20171226,-1.0
2017-12-27,20171227,-1.0
2017-12-28,20171228,-1.0
2017-12-29,20171229,1.0
2018-01-02,20180102,-1.0
2018-01-03,20180103,1.0
2018-01-04,20180104,-1.0
2018-01-05,20180105,-1.0
2018-01-08,20180108,1.0
2018-01-09,20180109,1.0
2018-01-10,20180110,-1.0
2018-01-11,20180111,1.0
2018-01-12,20180112,1.0
2018-01-16,20180116,-1.0
2018-01-17,20180117,1.0
2018-01-18,20180118,1.0
2018-01-19,20180119,-1.0
2018-01-22,20180122,1.0
2018-01-23,20180123,1.0
2018-01-24,20180124,1.0
2018-01-25,20180125,-1.0
2018-01-26,20180126,-1.0
2018-01-29,20180129,1.0
2018-01-30,20180130,1.0
2018-01-31,20180131,-1.0
2018-02-01,20180201,1.0
2018-02-02,20180202,-1.0
2018-02-05,20180205,-1.0
2018-02-06,20180206,-1.0
2018-02-07,20180207,1.0
2018-02-08,20180208,1.0
2018-02-09,20180209,-1.0
2018-02-12,20180212,1.0
2018-02-13,20180213,1.0
2018-02-14,20180214,1.0
2018-02-15,20180215,1.0
2018-02-16,20180216,1.0
2018-02-20,20180220,1.0
2018-02-21,20180221,1.0
2018-02-22,20180222,1.0
2018-02-23,20180223,1.0
2018-02-26,20180226,1.0
2018-02-27,20180227,1.0
2018-02-28,20180228,-1.0
2018-03-01,20180301,-1.0
2018-03-02,20180302,-1.0
2018-03-05,20180305,1.0
2018-03-06,20180306,-1.0
2018-03-07,20180307,-1.0
2018-03-08,20180308,1.0
2018-03-09,20180309,-1.0
2018-03-12,20180312,-1.0
2018-03-13,20180313,1.0
2018-03-14,20180314,-1.0
2018-03-15,20180315,-1.0
2018-03-16,20180316,-1.0
2018-03-19,20180319,-1.0
2018-03-20,20180320,-1.0
2018-03-21,20180321,-1.0
2018-03-22,20180322,1.0
2018-03-23,20180323,-1.0
2018-03-26,20180326,-1.0
2018-03-27,20180327,1.0
2018-03-28,20180328,-1.0
2018-03-29,20180329,-1.0
2018-04-02,20180402,-1.0
2018-04-03,20180403,1.0
2018-04-04,20180404,1.0
2018-04-05,20180405,1.0
2018-04-06,20180406,1.0
2018-04-09,20180409,-1.0
2018-04-10,20180410,-1.0
2018-04-11,20180411,1.0
2018-04-12,20180412,-1.0
2018-04-13,20180413,1.0
2018-04-16,20180416,1.0
2018-04-17,20180417,-1.0
2018-04-18,20180418,-1.0
2018-04-19,20180419,1.0
2018-04-20,20180420,1.0
2018-04-23,20180423,-1.0
2018-04-24,20180424,-1.0
2018-04-25,20180425,1.0
2018-04-26,20180426,-1.0
2018-04-27,20180427,1.0
2018-04-30,20180430,1.0
2018-05-01,20180501,-1.0
2018-05-02,20180502,1.0
2018-05-03,20180503,-1.0
2018-05-04,20180504,-1.0
2018-05-07,20180507,1.0
2018-05-08,20180508,1.0
2018-05-09,20180509,-1.0
2018-05-10,20180510,1.0
2018-05-11,20180511,1.0
2018-05-14,20180514,-1.0
2018-05-15,20180515,-1.0
2018-05-16,20180516,-1.0
2018-05-17,20180517,1.0
2018-05-18,20180518,-1.0
2018-05-21,20180521,-1.0
2018-05-22,20180522,1.0
2018-05-23,20180523,-1.0
2018-05-24,20180524,1.0
2018-05-25,20180525,-1.0
2018-05-29,20180529,1.0
2018-05-30,20180530,1.0
2018-05-31,20180531,1.0
2018-06-01,20180601,-1.0
2018-06-04,20180604,1.0
2018-06-05,20180605,1.0
2018-06-06,20180606,1.0
2018-06-07,20180607,1.0
2018-06-08,20180608,-1.0
2018-06-11,20180611,1.0
2018-06-12,20180612,1.0
2018-06-13,20180613,1.0
2018-06-14,20180614,1.0
2018-06-15,20180615,1.0
2018-06-18,20180618,-1.0
2018-06-19,20180619,1.0
2018-06-20,20180620,-1.0
2018-06-21,20180621,1.0
2018-06-22,20180622,-1.0
2018-06-25,20180625,-1.0
2018-06-26,20180626,1.0
2018-06-27,20180627,1.0
2018-06-28,20180628,1.0
2018-06-29,20180629,1.0
2018-07-02,20180702,1.0
2018-07-03,20180703,-1.0
2018-07-05,20180705,-1.0
2018-07-06,20180706,-1.0
2018-07-09,20180709,1.0
2018-07-10,20180710,1.0
2018-07-11,20180711,-1.0
2018-07-12,20180712,-1.0
2018-07-13,20180713,-1.0
2018-07-16,20180716,-1.0
2018-07-17,20180717,-1.0
2018-07-18,20180718,1.0
2018-07-19,20180719,-1.0
2018-07-20,20180720,-1.0
2018-07-23,20180723,-1.0
2018-07-24,20180724,-1.0
2018-07-25,20180725,-1.0
2018-07-26,20180726,1.0
2018-07-27,20180727,-1.0
2018-07-30,20180730,-1.0
2018-07-31,20180731,-1.0
2018-08-01,20180801,1.0
2018-08-02,20180802,1.0
2018-08-03,20180803,1.0
2018-08-06,20180806,-1.0
2018-08-07,20180807,-1.0
2018-08-08,20180808,1.0
2018-08-09,20180809,-1.0
2018-08-10,20180810,-1.0
2018-08-13,20180813,1.0
2018-08-14,20180814,1.0
2018-08-15,20180815,-1.0
2018-08-16,20180816,-1.0
2018-08-17,20180817,-1.0
2018-08-20,20180820,-1.0
2018-08-21,20180821,1.0
2018-08-22,20180822,1.0
2018-08-23,20180823,-1.0
2018-08-24,20180824,-1.0
2018-08-27,20180827,-1.0
2018-08-28,20180828,-1.0
2018-08-29,20180829,-1.0
2018-08-30,20180830,-1.0
2018-08-31,20180831,-1.0
2018-09-04,20180904,-1.0
2018-09-05,20180905,-1.0
2018-09-06,20180906,-1.0
2018-09-07,20180907,-1.0
2018-09-10,20180910,-1.0
2018-09-11,20180911,1.0
2018-09-12,20180912,-1.0
2018-09-13,20180913,1.0
2018-09-14,20180914,-1.0
2018-09-17,20180917,1.0
2018-09-18,20180918,1.0
2018-09-19,20180919,-1.0
2018-09-20,20180920,1.0
2018-09-21,20180921,-1.0
2018-09-24,20180924,1.0
2018-09-25,20180925,1.0
2018-09-26,20180926,1.0
2018-09-27,20180927,1.0
2018-09-28,20180928,-1.0
2018-10-01,20181001,-1.0
2018-10-02,20181002,1.0
2018-10-03,20181003,-1.0
2018-10-04,20181004,-1.0
2018-10-05,20181005,-1.0
2018-10-08,20181008,-1.0
2018-10-09,20181009,-1.0
2018-10-10,20181010,1.0
2018-10-11,20181011,-1.0
2018-10-12,20181012,1.0
2018-10-15,20181015,1.0
2018-10-16,20181016,1.0
2018-10-17,20181017,1.0
2018-10-18,20181018,-1.0
2018-10-19,20181019,-1.0
2018-10-22,20181022,-1.0
2018-10-23,20181023,1.0
2018-10-24,20181024,1.0
2018-10-25,20181025,1.0
2018-10-26,20181026,1.0
2018-10-29,20181029,1.0
2018-10-30,20181030,-1.0
2018-10-31,20181031,-1.0
2018-11-01,20181101,1.0
2018-11-02,20181102,1.0
2018-11-05,20181105,-1.0
2018-11-06,20181106,-1.0
2018-11-07,20181107,1.0
2018-11-08,20181108,1.0
2018-11-09,20181109,1.0
2018-11-12,20181112,-1.0
2018-11-13,20181113,-1.0
2018-11-14,20181114,1.0
2018-11-15,20181115,1.0
2018-11-16,20181116,1.0
2018-11-19,20181119,1.0
2018-11-20,20181120,-1.0
2018-11-21,20181121,-1.0
2018-11-23,20181123,-1.0
2018-11-26,20181126,-1.0
2018-11-27,20181127,1.0
2018-11-28,20181128,-1.0
2018-11-29,20181129,1.0
2018-11-30,20181130,-1.0
2018-12-03,20181203,1.0
2018-12-04,20181204,1.0
2018-12-06,20181206,-1.0
2018-12-07,20181207,1.0
2018-12-10,20181210,-1.0
2018-12-11,20181211,1.0
2018-12-12,20181212,1.0
2018-12-13,20181213,1.0
2018-12-14,20181214,1.0
2018-12-17,20181217,-1.0
2018-12-18,20181218,-1.0
2018-12-19,20181219,-1.0
2018-12-20,20181220,-1.0
2018-12-21,20181221,-1.0
2018-12-24,20181224,-1.0
2018-12-26,20181226,-1.0
2018-12-27,20181227,1.0
2018-12-28,20181228,-1.0
2018-12-31,20181231,1.0
2019-01-02,20190102,-1.0
2019-01-03,20190103,-1.0
2019-01-04,20190104,-1.0
2019-01-07,20190107,1.0
2019-01-08,20190108,1.0
2019-01-09,20190109,1.0
2019-01-10,20190110,-1.0
2019-01-11,20190111,1.0
2019-01-14,20190114,-1.0
2019-01-15,20190115,-1.0
2019-01-16,20190116,1.0
2019-01-17,20190117,1.0
2019-01-18,20190118,-1.0
2019-01-22,20190122,-1.0
2019-01-23,20190123,-1.0
2019-01-24,20190124,-1.0
2019-01-25,20190125,1.0
2019-01-28,20190128,1.0
2019-01-29,20190129,-1.0
2019-01-30,20190130,1.0
2019-01-31,20190131,1.0
2019-02-01,20190201,-1.0
2019-02-04,20190204,1.0
2019-02-05,20190205,1.0
2019-02-06,20190206,1.0
2019-02-07,20190207,-1.0
2019-02-08,20190208,-1.0
2019-02-11,20190211,1.0
2019-02-12,20190212,1.0
2019-02-13,20190213,-1.0
2019-02-14,20190214,-1.0
2019-02-15,20190215,-1.0
2019-02-19,20190219,1.0
2019-02-20,20190220,-1.0
2019-02-21,20190221,-1.0
2019-02-22,20190222,-1.0
2019-02-25,20190225,1.0
2019-02-26,20190226,-1.0
2019-02-27,20190227,1.0
2019-02-28,20190228,1.0
2019-03-01,20190301,-1.0
2019-03-04,20190304,-1.0
2019-03-05,20190305,-1.0
2019-03-06,20190306,-1.0
2019-03-07,20190307,1.0
2019-03-08,20190308,1.0
2019-03-11,20190311,1.0
2019-03-12,20190312,1.0
2019-03-13,20190313,-1.0
2019-03-14,20190314,1.0
2019-03-15,20190315,-1.0
2019-03-18,20190318,-1.0
2019-03-19,20190319,-1.0
2019-03-20,20190320,1.0
2019-03-21,20190321,1.0
2019-03-22,20190322,-1.0
2019-03-25,20190325,-1.0
2019-03-26,20190326,-1.0
2019-03-27,20190327,1.0
2019-03-28,20190328,1.0
2019-03-29,20190329,1.0
2019-04-01,20190401,1.0
2019-04-02,20190402,1.0
2019-04-03,20190403,-1.0
2019-04-04,20190404,-1.0
2019-04-05,20190405,-1.0
2019-04-08,20190408,1.0
2019-04-09,20190409,-1.0
2019-04-10,20190410,1.0
2019-04-11,20190411,-1.0
2019-04-12,20190412,-1.0
2019-04-15,20190415,1.0
2019-04-16,20190416,-1.0
2019-04-17,20190417,1.0
2019-04-18,20190418,-1.0
2019-04-22,20190422,-1.0
2019-04-23,20190423,-1.0
2019-04-24,20190424,1.0
2019-04-25,20190425,-1.0
2019-04-26,20190426,-1.0
2019-04-29,20190429,-1.0
2019-04-30,20190430,1.0
2019-05-01,20190501,-1.0
2019-05-02,20190502,1.0
2019-05-03,20190503,1.0
2019-05-06,20190506,1.0
2019-05-07,20190507,1.0
2019-05-08,20190508,-1.0
2019-05-09,20190509,-1.0
2019-05-10,20190510,-1.0
2019-05-13,20190513,-1.0
2019-05-14,20190514,-1.0
2019-05-15,20190515,1.0
2019-05-16,20190516,-1.0
2019-05-17,20190517,-1.0
2019-05-20,20190520,-1.0
2019-05-21,20190521,-1.0
2019-05-22,20190522,-1.0
2019-05-23,20190523,-1.0
2019-05-24,20190524,1.0
2019-05-28,20190528,-1.0
2019-05-29,20190529,-1.0
2019-05-30,20190530,1.0
2019-05-31,20190531,-1.0
2019-06-03,20190603,-1.0
2019-06-04,20190604,-1.0
2019-06-05,20190605,1.0
2019-06-06,20190606,1.0
2019-06-07,20190607,1.0
2019-06-10,20190610,1.0
2019-06-11,20190611,1.0
2019-06-12,20190612,1.0
2019-06-13,20190613,-1.0
2019-06-14,20190614,1.0
2019-06-17,20190617,1.0
2019-06-18,20190618,1.0
2019-06-19,20190619,1.0
2019-06-20,20190620,-1.0
2019-06-21,20190621,-1.0
2019-06-24,20190624,1.0
2019-06-25,20190625,1.0
2019-06-26,20190626,-1.0
2019-06-27,20190627,-1.0
2019-06-28,20190628,1.0
2019-07-01,20190701,1.0
2019-07-02,20190702,1.0
2019-07-03,20190703,1.0
2019-07-05,20190705,1.0
2019-07-08,20190708,-1.0
2019-07-09,20190709,-1.0
2019-07-10,20190710,1.0
2019-07-11,20190711,1.0
2019-07-12,20190712,1.0
2019-07-15,20190715,1.0
2019-07-16,20190716,1.0
2019-07-17,20190717,1.0
2019-07-18,20190718,1.0
2019-07-19,20190719,1.0
2019-07-22,20190722,1.0
2019-07-23,20190723,-1.0
2019-07-24,20190724,1.0
2019-07-25,20190725,-1.0
2019-07-26,20190726,-1.0
2019-07-29,20190729,-1.0
2019-07-30,20190730,1.0
2019-07-31,20190731,1.0
2019-08-01,20190801,1.0
2019-08-02,20190802,-1.0
2019-08-05,20190805,-1.0
2019-08-06,20190806,-1.0
2019-08-07,20190807,-1.0
2019-08-08,20190808,1.0
2019-08-09,20190809,1.0
2019-08-12,20190812,-1.0
2019-08-13,20190813,-1.0
2019-08-14,20190814,1.0
2019-08-15,20190815,-1.0
2019-08-16,20190816,-1.0
2019-08-19,20190819,1.0
2019-08-20,20190820,1.0
2019-08-21,20190821,-1.0
2019-08-22,20190822,-1.0
2019-08-23,20190823,-1.0
2019-08-26,20190826,-1.0
2019-08-27,20190827,1.0
2019-08-28,20190828,-1.0
2019-08-29,20190829,1.0
2019-08-30,20190830,1.0
2019-09-03,20190903,1.0
2019-09-04,20190904,1.0
2019-09-05,20190905,-1.0
2019-09-06,20190906,1.0
2019-09-09,20190909,1.0
2019-09-10,20190910,1.0
2019-09-11,20190911,1.0
2019-09-12,20190912,1.0
2019-09-13,20190913,-1.0
2019-09-16,20190916,1.0
2019-09-17,20190917,-1.0
2019-09-18,20190918,1.0
2019-09-19,20190919,1.0
2019-09-20,20190920,1.0
2019-09-23,20190923,-1.0
2019-09-24,20190924,1.0
2019-09-25,20190925,-1.0
2019-09-26,20190926,1.0
2019-09-27,20190927,1.0
2019-09-30,20190930,1.0
2019-10-01,20191001,-1.0
2019-10-02,20191002,1.0
2019-10-03,20191003,-1.0
2019-10-04,20191004,-1.0
2019-10-07,20191007,-1.0
2019-10-08,20191008,1.0
2019-10-09,20191009,1.0
2019-10-10,20191010,1.0
2019-10-11,20191011,1.0
2019-10-14,20191014,1.0
2019-10-15,20191015,1.0
2019-10-16,20191016,1.0
2019-10-17,20191017,1.0
2019-10-18,20191018,1.0
2019-10-21,20191021,-1.0
2019-10-22,20191022,-1.0
2019-10-23,20191023,1.0
2019-10-24,20191024,1.0
2019-10-25,20191025,1.0
2019-10-28,20191028,1.0
2019-10-29,20191029,-1.0
2019-10-30,20191030,-1.0
2019-10-31,20191031,-1.0
2019-11-01,20191101,1.0
2019-11-04,20191104,-1.0
2019-11-05,20191105,1.0
2019-11-06,20191106,1.0
2019-11-07,20191107,1.0
2019-11-08,20191108,1.0
2019-11-11,20191111,1.0
2019-11-12,20191112,1.0
2019-11-13,20191113,1.0
2019-11-14,20191114,-1.0
2019-11-15,20191115,1.0
2019-11-18,20191118,1.0
2019-11-19,20191119,-1.0
2019-11-20,20191120,1.0
2019-11-21,20191121,-1.0
2019-11-22,20191122,-1.0
2019-11-25,20191125,-1.0
2019-11-26,20191126,1.0
2019-11-27,20191127,-1.0
2019-11-29,20191129,1.0
2019-12-02,20191202,-1.0
2019-12-03,20191203,1.0
2019-12-04,20191204,1.0
2019-12-05,20191205,-1.0
2019-12-06,20191206,1.0
2019-12-09,20191209,1.0
2019-12-10,20191210,1.0
2019-12-11,20191211,1.0
2019-12-12,20191212,1.0
2019-12-13,20191213,1.0
2019-12-16,20191216,1.0
2019-12-17,20191217,1.0
2019-12-18,20191218,-1.0
2019-12-19,20191219,1.0
2019-12-20,20191220,1.0
2019-12-23,20191223,1.0
2019-12-24,20191224,1.0
2019-12-26,20191226,1.0
2019-12-27,20191227,1.0
2019-12-30,20191230,-1.0
2019-12-31,20191231,-1.0
2020-01-02,20200102,1.0
2020-01-03,20200103,1.0
2020-01-06,20200106,1.0
2020-01-07,20200107,1.0
2020-01-08,20200108,1.0
2020-01-09,20200109,1.0
2020-01-10,20200110,-1.0
2020-01-13,20200113,1.0
2020-01-14,20200114,1.0
2020-01-15,20200115,1.0
2020-01-16,20200116,-1.0
2020-01-17,20200117,-1.0
2020-01-21,20200121,1.0
2020-01-22,20200122,1.0
2020-01-23,20200123,1.0
2020-01-24,20200124,1.0
2020-01-27,20200127,-1.0
2020-01-28,20200128,1.0
2020-01-29,20200129,1.0
2020-01-30,20200130,1.0
2020-01-31,20200131,1.0
2020-02-03,20200203,1.0
2020-02-04,20200204,1.0
2020-02-05,20200205,1.0
2020-02-06,20200206,-1.0
2020-02-07,20200207,-1.0
2020-02-10,20200210,1.0
2020-02-11,20200211,1.0
2020-02-12,20200212,1.0
2020-02-13,20200213,-1.0
2020-02-14,20200214,1.0
2020-02-18,20200218,1.0
2020-02-19,20200219,1.0
2020-02-20,20200220,1.0
2020-02-21,20200221,-1.0
2020-02-24,20200224,-1.0
2020-02-25,20200225,-1.0
2020-02-26,20200226,-1.0
2020-02-27,20200227,-1.0
2020-02-28,20200228,-1.0
2020-03-02,20200302,1.0
2020-03-03,20200303,1.0
2020-03-04,20200304,1.0
2020-03-05,20200305,-1.0
2020-03-06,20200306,-1.0
2020-03-09,20200309,-1.0
2020-03-10,20200310,-1.0
2020-03-11,20200311,1.0
2020-03-12,20200312,-1.0
2020-03-13,20200313,-1.0
2020-03-16,20200316,-1.0
2020-03-17,20200317,-1.0
2020-03-18,20200318,-1.0
2020-03-19,20200319,-1.0
2020-03-20,20200320,1.0
2020-03-23,20200323,1.0
2020-03-24,20200324,1.0
2020-03-25,20200325,1.0
2020-03-26,20200326,1.0
2020-03-27,20200327,-1.0
2020-03-30,20200330,-1.0
2020-03-31,20200331,-1.0
2020-04-01,20200401,1.0
2020-04-02,20200402,-1.0
2020-04-03,20200403,1.0
2020-04-06,20200406,1.0
2020-04-07,20200407,1.0
2020-04-08,20200408,1.0
2020-04-09,20200409,1.0
2020-04-13,20200413,1.0
2020-04-14,20200414,1.0
2020-04-15,20200415,1.0
2020-04-16,20200416,1.0
2020-04-17,20200417,1.0
2020-04-20,20200420,-1.0
2020-04-21,20200421,-1.0
2020-04-22,20200422,-1.0
2020-04-23,20200423,1.0
2020-04-24,20200424,-1.0
2020-04-27,20200427,1.0
2020-04-28,20200428,1.0
2020-04-29,20200429,-1.0
2020-04-30,20200430,1.0
2020-05-01,20200501,-1.0
2020-05-04,20200504,-1.0
2020-05-05,20200505,1.0
2020-05-06,20200506,1.0
2020-05-07,20200507,1.0
2020-05-08,20200508,1.0
2020-05-11,20200511,1.0
2020-05-12,20200512,1.0
2020-05-13,20200513,1.0
2020-05-14,20200514,-1.0
2020-05-15,20200515,-1.0
2020-05-18,20200518,1.0
2020-05-19,20200519,1.0
2020-05-20,20200520,1.0
2020-05-21,20200521,1.0
2020-05-22,20200522,1.0
2020-05-26,20200526,1.0
2020-05-27,20200527,1.0
2020-05-28,20200528,-1.0
2020-05-29,20200529,-1.0
2020-06-01,20200601,1.0
2020-06-02,20200602,1.0
2020-06-03,20200603,-1.0
2020-06-04,20200604,1.0
2020-06-05,20200605,-1.0
2020-06-08,20200608,1.0
2020-06-09,20200609,1.0
2020-06-10,20200610,1.0
2020-06-11,20200611,1.0
2020-06-12,20200612,-1.0
2020-06-15,20200615,-1.0
2020-06-16,20200616,1.0
2020-06-17,20200617,-1.0
2020-06-18,20200618,1.0
2020-06-19,20200619,1.0
2020-06-22,20200622,-1.0
2020-06-23,20200623,-1.0
2020-06-24,20200624,-1.0
2020-06-25,20200625,-1.0
2020-06-26,20200626,1.0
2020-06-29,20200629,-1.0
2020-06-30,20200630,1.0
2020-07-01,20200701,1.0
2020-07-02,20200702,1.0
2020-07-06,20200706,1.0
2020-07-07,20200707,1.0
2020-07-08,20200708,1.0
2020-07-09,20200709,1.0
2020-07-10,20200710,1.0
2020-07-13,20200713,1.0
2020-07-14,20200714,1.0
2020-07-15,20200715,1.0
2020-07-16,20200716,-1.0
2020-07-17,20200717,-1.0
2020-07-20,20200720,1.0
2020-07-21,20200721,1.0
2020-07-22,20200722,-1.0
2020-07-23,20200723,1.0
2020-07-24,20200724,-1.0
2020-07-27,20200727,-1.0
2020-07-28,20200728,1.0
2020-07-29,20200729,-1.0
2020-07-30,20200730,1.0
2020-07-31,20200731,1.0
2020-08-03,20200803,-1.0
2020-08-04,20200804,1.0
2020-08-05,20200805,1.0
2020-08-06,20200806,1.0
2020-08-07,20200807,1.0
2020-08-10,20200810,-1.0
2020-08-11,20200811,-1.0
2020-08-12,20200812,1.0
2020-08-13,20200813,1.0
2020-08-14,20200814,1.0
2020-08-17,20200817,1.0
2020-08-18,20200818,1.0
2020-08-19,20200819,1.0
2020-08-20,20200820,-1.0
2020-08-21,20200821,1.0
2020-08-24,20200824,1.0
2020-08-25,20200825,-1.0
2020-08-26,20200826,1.0
2020-08-27,20200827,1.0
2020-08-28,20200828,1.0
2020-08-31,20200831,-1.0
2020-09-01,20200901,1.0
2020-09-02,20200902,-1.0
2020-09-03,20200903,-1.0
2020-09-04,20200904,-1.0
2020-09-08,20200908,-1.0
2020-09-09,20200909,-1.0
2020-09-10,20200910,1.0
2020-09-11,20200911,1.0
2020-09-14,20200914,1.0
2020-09-15,20200915,1.0
2020-09-16,20200916,1.0
2020-09-17,20200917,-1.0
2020-09-18,20200918,1.0
2020-09-21,20200921,1.0
2020-09-22,20200922,-1.0
2020-09-23,20200923,-1.0
2020-09-24,20200924,-1.0
2020-09-25,20200925,1.0
2020-09-28,20200928,1.0
2020-09-29,20200929,1.0
2020-09-30,20200930,1.0
2020-10-01,20201001,1.0
2020-10-02,20201002,-1.0
2020-10-05,20201005,-1.0
2020-10-06,20201006,1.0
2020-10-07,20201007,-1.0
2020-10-08,20201008,1.0
2020-10-09,20201009,1.0
2020-10-12,20201012,1.0
2020-10-13,20201013,1.0
2020-10-14,20201014,1.0
2020-10-15,20201015,1.0
2020-10-16,20201016,-1.0
2020-10-19,20201019,-1.0
2020-10-20,20201020,-1.0
2020-10-21,20201021,-1.0
2020-10-22,20201022,1.0
2020-10-23,20201023,-1.0
2020-10-26,20201026,-1.0
2020-10-27,20201027,1.0
2020-10-28,20201028,-1.0
2020-10-29,20201029,-1.0
2020-10-30,20201030,1.0
2020-11-02,20201102,-1.0
2020-11-03,20201103,1.0
2020-11-04,20201104,1.0
2020-11-05,20201105,1.0
2020-11-06,20201106,1.0
2020-11-09,20201109,1.0
2020-11-10,20201110,-1.0
2020-11-11,20201111,-1.0
2020-11-12,20201112,1.0
2020-11-13,20201113,-1.0
2020-11-16,20201116,-1.0
2020-11-17,20201117,1.0
2020-11-18,20201118,1.0
2020-11-19,20201119,1.0
2020-11-20,20201120,1.0
2020-11-23,20201123,1.0
2020-11-24,20201124,1.0
2020-11-25,20201125,1.0
2020-11-27,20201127,1.0
2020-11-30,20201130,1.0
2020-12-01,20201201,1.0
2020-12-02,20201202,-1.0
2020-12-03,20201203,1.0
2020-12-04,20201204,1.0
2020-12-07,20201207,1.0
2020-12-08,20201208,1.0
2020-12-09,20201209,1.0
2020-12-10,20201210,-1.0
2020-12-11,20201211,1.0
2020-12-14,20201214,-1.0
2020-12-15,20201215,1.0
2020-12-16,20201216,-1.0
2020-12-17,20201217,-1.0
2020-12-18,20201218,1.0
2020-12-21,20201221,1.0
2020-12-22,20201222,-1.0
2020-12-23,20201223,-1.0
2020-12-24,20201224,1.0
2020-12-28,20201228,1.0
2020-12-29,20201229,-1.0
2020-12-30,20201230,1.0
2020-12-31,20201231,1.0
2021-01-04,20210104,1.0
